Timestamp,SliceType,Size_MBits
0.101702,mMTC,0.312
0.114948,mMTC,0.105
0.143095,mMTC,0.261
0.180073,mMTC,0.291
0.220597,mMTC,0.317
0.230604,uRLLC,1.569
0.258369,eMBB,9.261
0.292140,mMTC,0.490
0.295054,uRLLC,0.828
0.299592,uRLLC,1.974
0.301018,eMBB,8.221
0.308712,uRLLC,0.837
0.310216,eMBB,13.961
0.312446,mMTC,0.494
0.313904,mMTC,0.241
0.337883,mMTC,0.406
0.342064,uRLLC,0.980
0.363194,eMBB,7.701
0.379828,uRLLC,1.457
0.384573,uRLLC,1.405
0.477566,mMTC,0.113
0.490409,uRLLC,1.685
0.507956,mMTC,0.334
0.509941,mMTC,0.279
0.520364,mMTC,0.351
0.532488,mMTC,0.160
0.565036,eMBB,6.004
0.570897,mMTC,0.476
0.714412,mMTC,0.250
0.729240,eMBB,11.620
0.759698,mMTC,0.288
0.760144,mMTC,0.127
0.788665,uRLLC,1.147
0.788674,mMTC,0.312
0.802375,uRLLC,1.581
0.818557,eMBB,9.044
0.826766,uRLLC,1.381
0.834374,mMTC,0.304
0.908494,uRLLC,1.581
0.922990,mMTC,0.181
0.940719,mMTC,0.290
0.974741,mMTC,0.343
1.034854,eMBB,10.277
1.042619,uRLLC,1.585
1.055748,uRLLC,1.430
1.060186,mMTC,0.405
1.110827,uRLLC,0.948
1.120757,uRLLC,1.453
1.121313,uRLLC,1.683
1.142348,mMTC,0.499
1.167800,uRLLC,0.841
1.294256,uRLLC,1.719
1.312214,uRLLC,1.485
1.349234,mMTC,0.393
1.354259,mMTC,0.300
1.384883,eMBB,5.007
1.385288,mMTC,0.451
1.397532,mMTC,0.342
1.429461,mMTC,0.244
1.467137,mMTC,0.326
1.556789,mMTC,0.125
1.564195,uRLLC,1.255
1.575842,uRLLC,0.718
1.603406,mMTC,0.453
1.605077,mMTC,0.271
1.643554,uRLLC,1.215
1.674100,uRLLC,0.861
1.677395,uRLLC,0.763
1.710220,mMTC,0.312
1.731640,uRLLC,0.949
1.749507,mMTC,0.439
1.780847,mMTC,0.401
1.857372,mMTC,0.247
1.865349,uRLLC,0.879
1.867131,mMTC,0.257
1.867493,mMTC,0.212
1.883390,uRLLC,1.135
1.906002,mMTC,0.396
1.933984,uRLLC,0.989
1.947924,eMBB,9.762
1.955018,uRLLC,0.781
1.956910,uRLLC,0.806
1.975656,uRLLC,1.154
2.039840,mMTC,0.221
2.042107,uRLLC,1.807
2.065502,eMBB,8.379
2.088752,eMBB,11.597
2.106741,uRLLC,0.599
2.206219,uRLLC,1.833
2.225308,mMTC,0.381
2.245858,eMBB,14.487
2.272904,uRLLC,0.589
2.297734,uRLLC,0.756
2.300067,eMBB,10.040
2.324859,mMTC,0.481
2.328966,uRLLC,1.928
2.341971,mMTC,0.276
2.342526,uRLLC,0.891
2.343683,uRLLC,0.869
2.352046,mMTC,0.299
2.370134,mMTC,0.105
2.376256,uRLLC,0.854
2.392726,uRLLC,0.506
2.412803,uRLLC,0.912
2.469600,uRLLC,1.281
2.474851,mMTC,0.411
2.495441,eMBB,10.257
2.576640,uRLLC,1.725
2.590618,uRLLC,1.546
2.607871,mMTC,0.461
2.706788,mMTC,0.359
2.754936,uRLLC,0.875
2.834620,uRLLC,0.685
2.837030,eMBB,12.096
2.867785,mMTC,0.299
2.894285,mMTC,0.447
2.907085,uRLLC,0.977
2.910304,uRLLC,1.489
2.926005,mMTC,0.302
2.976367,eMBB,11.397
2.991373,mMTC,0.175
3.004225,uRLLC,1.595
3.013470,mMTC,0.121
3.041413,mMTC,0.344
3.063557,eMBB,8.992
3.096796,uRLLC,1.068
3.107304,mMTC,0.230
3.124505,uRLLC,0.616
3.126974,uRLLC,1.528
3.157040,uRLLC,1.911
3.161831,eMBB,9.117
3.169503,uRLLC,1.266
3.180882,uRLLC,1.974
3.193218,mMTC,0.472
3.225387,eMBB,11.359
3.244260,mMTC,0.198
3.247663,uRLLC,0.750
3.261151,mMTC,0.442
3.273539,mMTC,0.125
3.299369,mMTC,0.486
3.307180,mMTC,0.322
3.329620,uRLLC,0.792
3.340236,eMBB,7.227
3.358210,uRLLC,1.903
3.382118,mMTC,0.144
3.403104,mMTC,0.382
3.418873,eMBB,8.620
3.424714,uRLLC,0.836
3.453174,uRLLC,0.699
3.466765,uRLLC,0.948
3.470085,uRLLC,0.917
3.475870,uRLLC,0.544
3.510347,eMBB,8.264
3.656144,eMBB,7.797
3.663514,mMTC,0.428
3.698648,uRLLC,1.289
3.727761,uRLLC,0.988
3.728684,eMBB,6.120
3.742379,mMTC,0.116
3.789007,eMBB,14.422
3.792659,mMTC,0.245
3.811423,mMTC,0.381
3.819403,mMTC,0.388
3.828296,mMTC,0.212
3.870842,uRLLC,0.997
3.894184,eMBB,13.992
3.920354,eMBB,5.352
3.978917,eMBB,11.927
4.007395,mMTC,0.243
4.030387,mMTC,0.155
4.087352,uRLLC,1.202
4.101022,mMTC,0.175
4.103820,mMTC,0.375
4.131150,uRLLC,1.741
4.133028,uRLLC,1.749
4.136808,mMTC,0.211
4.156863,mMTC,0.390
4.223856,mMTC,0.418
4.228242,mMTC,0.282
4.254958,uRLLC,1.984
4.323358,mMTC,0.423
4.329316,mMTC,0.492
4.340693,uRLLC,0.767
4.349000,mMTC,0.103
4.354620,eMBB,11.964
4.355190,eMBB,8.241
4.374428,eMBB,6.196
4.376390,mMTC,0.130
4.408572,mMTC,0.235
4.414648,uRLLC,1.374
4.490550,uRLLC,1.193
4.543613,mMTC,0.126
4.563626,uRLLC,1.803
4.580829,mMTC,0.261
4.585542,mMTC,0.361
4.613805,uRLLC,1.548
4.632677,uRLLC,1.112
4.643178,mMTC,0.213
4.668041,mMTC,0.123
4.675912,uRLLC,1.127
4.702637,mMTC,0.177
4.710240,uRLLC,1.472
4.724666,eMBB,13.544
4.727050,eMBB,7.012
4.737075,mMTC,0.472
4.777087,uRLLC,1.176
4.837098,eMBB,6.429
4.837973,mMTC,0.100
4.861024,mMTC,0.193
4.876067,mMTC,0.486
4.884009,eMBB,5.048
4.897322,mMTC,0.477
4.932583,mMTC,0.370
5.015156,eMBB,9.281
5.084878,uRLLC,0.606
5.125455,mMTC,0.254
5.148582,uRLLC,0.965
5.169639,uRLLC,1.045
5.171743,uRLLC,1.022
5.186658,uRLLC,1.724
5.193765,uRLLC,0.547
5.197221,eMBB,11.060
5.238615,mMTC,0.156
5.240815,uRLLC,1.708
5.276714,mMTC,0.456
5.279337,eMBB,14.440
5.328665,eMBB,6.755
5.354194,mMTC,0.346
5.355119,mMTC,0.452
5.367762,uRLLC,1.066
5.420469,mMTC,0.279
5.430060,mMTC,0.274
5.436692,uRLLC,0.527
5.436770,uRLLC,1.627
5.456658,mMTC,0.376
5.466973,mMTC,0.372
5.468591,mMTC,0.453
5.469937,mMTC,0.337
5.471772,mMTC,0.347
5.472924,mMTC,0.367
5.488946,eMBB,9.765
5.516042,mMTC,0.284
5.532835,eMBB,8.718
5.534750,uRLLC,1.525
5.553768,eMBB,10.467
5.596222,uRLLC,0.804
5.602284,mMTC,0.362
5.640005,eMBB,11.181
5.691557,uRLLC,1.062
5.705301,mMTC,0.275
5.721119,uRLLC,1.996
5.743492,mMTC,0.172
5.747239,uRLLC,1.666
5.750813,mMTC,0.137
5.755453,uRLLC,1.850
5.777935,eMBB,7.471
5.803648,eMBB,11.779
5.811068,eMBB,9.714
5.859726,uRLLC,1.436
5.888574,uRLLC,1.773
5.895839,uRLLC,1.458
5.963330,uRLLC,1.832
6.035758,mMTC,0.192
6.062571,mMTC,0.239
6.109001,uRLLC,1.249
6.123315,eMBB,6.093
6.152505,mMTC,0.408
6.152726,mMTC,0.224
6.159951,mMTC,0.400
6.162993,mMTC,0.156
6.174982,eMBB,11.657
6.192689,uRLLC,1.684
6.198811,mMTC,0.419
6.203597,mMTC,0.385
6.212756,eMBB,11.615
6.224448,mMTC,0.378
6.235295,mMTC,0.410
6.304085,eMBB,13.967
6.311389,mMTC,0.296
6.342492,mMTC,0.293
6.358921,mMTC,0.343
6.377088,uRLLC,0.513
6.395858,uRLLC,1.401
6.445153,mMTC,0.289
6.460372,uRLLC,1.628
6.480099,mMTC,0.227
6.519688,mMTC,0.272
6.530016,mMTC,0.214
6.576266,uRLLC,1.001
6.579860,uRLLC,1.341
6.679970,uRLLC,0.907
6.684943,uRLLC,1.209
6.787323,mMTC,0.396
6.798265,eMBB,13.927
6.809250,mMTC,0.229
6.821567,uRLLC,1.154
6.852070,uRLLC,0.980
6.927688,mMTC,0.402
6.976036,eMBB,11.410
7.003641,mMTC,0.104
7.012442,uRLLC,1.677
7.031620,mMTC,0.309
7.089948,mMTC,0.481
7.130762,mMTC,0.338
7.141842,eMBB,7.958
7.159250,mMTC,0.286
7.161166,mMTC,0.194
7.179056,uRLLC,1.610
7.236386,uRLLC,0.925
7.242029,uRLLC,1.492
7.269588,uRLLC,1.817
7.291371,eMBB,12.809
7.342013,mMTC,0.241
7.353104,eMBB,12.607
7.366096,mMTC,0.426
7.393513,mMTC,0.266
7.448096,eMBB,10.662
7.452677,eMBB,8.707
7.462875,mMTC,0.129
7.464633,mMTC,0.290
7.472103,mMTC,0.204
7.475143,uRLLC,1.175
7.482763,mMTC,0.252
7.490590,mMTC,0.328
7.491166,eMBB,5.169
7.493954,mMTC,0.342
7.540187,mMTC,0.244
7.558597,mMTC,0.429
7.599739,mMTC,0.239
7.626389,eMBB,12.001
7.655744,mMTC,0.369
7.656683,uRLLC,1.291
7.712167,uRLLC,1.681
7.751714,mMTC,0.277
7.760498,mMTC,0.304
7.766573,eMBB,11.285
7.775776,uRLLC,1.716
7.804686,uRLLC,1.559
7.808585,uRLLC,1.414
7.810972,uRLLC,1.863
7.816211,mMTC,0.461
7.852756,mMTC,0.336
7.855705,uRLLC,1.037
7.869170,mMTC,0.324
7.902568,mMTC,0.491
7.910199,uRLLC,1.813
7.925038,mMTC,0.295
7.955781,uRLLC,1.077
7.962360,eMBB,11.853
8.009934,eMBB,7.040
8.077080,uRLLC,1.761
8.082965,mMTC,0.228
8.085914,mMTC,0.179
8.111064,mMTC,0.229
8.134919,mMTC,0.453
8.155579,mMTC,0.103
8.170055,mMTC,0.322
8.215645,uRLLC,1.396
8.238651,mMTC,0.421
8.297834,uRLLC,1.650
8.338507,mMTC,0.311
8.360232,uRLLC,1.990
8.382076,eMBB,12.456
8.396688,eMBB,6.782
8.406423,mMTC,0.496
8.407890,uRLLC,0.734
8.418553,uRLLC,0.508
8.460221,mMTC,0.268
8.491304,eMBB,7.822
8.527908,eMBB,13.083
8.549328,uRLLC,1.529
8.558560,uRLLC,1.437
8.562269,eMBB,12.218
8.598983,mMTC,0.171
8.618592,mMTC,0.261
8.640046,mMTC,0.226
8.649080,mMTC,0.486
8.658722,eMBB,10.090
8.662737,mMTC,0.128
8.673205,eMBB,5.609
8.734412,mMTC,0.163
8.756401,mMTC,0.385
8.769087,eMBB,10.559
8.773573,eMBB,6.555
8.850215,mMTC,0.327
8.863619,mMTC,0.384
8.907139,mMTC,0.395
8.942859,mMTC,0.326
8.946364,mMTC,0.495
8.965584,eMBB,11.724
8.974796,eMBB,12.436
8.990900,mMTC,0.382
9.034706,mMTC,0.109
9.036302,mMTC,0.361
9.079998,mMTC,0.350
9.123433,mMTC,0.225
9.151826,uRLLC,1.302
9.155003,uRLLC,1.598
9.209325,eMBB,14.386
9.224611,mMTC,0.180
9.230091,eMBB,9.441
9.234293,mMTC,0.286
9.250642,uRLLC,1.486
9.256392,uRLLC,1.082
9.294758,mMTC,0.205
9.306327,uRLLC,1.379
9.336008,mMTC,0.352
9.384633,uRLLC,1.859
9.386762,mMTC,0.412
9.390377,uRLLC,1.491
9.402195,mMTC,0.220
9.419075,uRLLC,0.922
9.426406,eMBB,13.370
9.441827,mMTC,0.111
9.442707,mMTC,0.168
9.489130,eMBB,9.266
9.493203,mMTC,0.409
9.522446,mMTC,0.406
9.547428,uRLLC,0.706
9.621472,eMBB,12.448
9.633562,mMTC,0.460
9.750080,eMBB,11.116
9.770163,uRLLC,1.991
9.786490,uRLLC,1.400
9.797105,eMBB,11.609
9.806332,mMTC,0.415
9.813743,eMBB,7.342
9.816293,mMTC,0.132
9.819976,uRLLC,1.608
9.863780,eMBB,9.924
9.874464,uRLLC,1.045
9.884620,mMTC,0.348
9.908155,mMTC,0.168
9.944538,mMTC,0.167
10.056191,uRLLC,1.163
10.066225,mMTC,0.277
10.071185,mMTC,0.299
10.084546,mMTC,0.267
10.088836,mMTC,0.155
10.092026,mMTC,0.313
10.096514,mMTC,0.433
10.105977,mMTC,0.265
10.203559,uRLLC,1.918
10.226079,uRLLC,0.815
10.240739,eMBB,14.966
10.264875,eMBB,14.126
10.291887,mMTC,0.499
10.382942,mMTC,0.282
10.419378,eMBB,6.254
10.427161,mMTC,0.229
10.445679,mMTC,0.368
10.454701,mMTC,0.194
10.473071,uRLLC,1.373
10.508806,mMTC,0.373
10.528499,mMTC,0.478
10.536863,mMTC,0.251
10.571130,mMTC,0.359
10.571983,mMTC,0.435
10.627718,uRLLC,1.145
10.636149,uRLLC,0.865
10.783069,mMTC,0.323
10.845534,eMBB,9.273
10.859230,uRLLC,0.875
10.869662,mMTC,0.436
10.915207,uRLLC,0.740
10.915417,mMTC,0.168
10.918501,mMTC,0.130
10.942795,mMTC,0.104
10.944218,mMTC,0.176
10.947772,eMBB,13.200
11.002207,uRLLC,1.382
11.026721,uRLLC,0.667
11.067235,eMBB,14.036
11.127290,mMTC,0.184
11.134419,mMTC,0.460
11.142798,uRLLC,1.859
11.144422,mMTC,0.430
11.228813,mMTC,0.130
11.248712,mMTC,0.345
11.291445,eMBB,10.762
11.297666,mMTC,0.231
11.318929,mMTC,0.130
11.324541,uRLLC,1.742
11.327325,uRLLC,1.848
11.387851,eMBB,14.853
11.425518,uRLLC,0.944
11.439994,mMTC,0.475
11.481298,uRLLC,1.297
11.493454,mMTC,0.165
11.504010,uRLLC,1.053
11.516798,uRLLC,1.841
11.524056,mMTC,0.293
11.536273,uRLLC,1.847
11.549692,uRLLC,1.066
11.554062,mMTC,0.374
11.556405,uRLLC,1.520
11.569262,mMTC,0.142
11.571953,mMTC,0.333
11.575534,mMTC,0.124
11.585192,eMBB,13.413
11.594153,mMTC,0.458
11.599336,mMTC,0.464
11.647004,eMBB,6.272
11.664591,mMTC,0.463
11.738968,uRLLC,1.374
11.759269,mMTC,0.284
11.761219,uRLLC,1.167
11.802349,uRLLC,0.763
11.805261,eMBB,13.027
11.811975,eMBB,9.150
11.824350,uRLLC,1.701
11.856567,uRLLC,1.008
11.891305,mMTC,0.340
11.921726,uRLLC,1.307
11.937412,uRLLC,1.063
12.011762,mMTC,0.299
12.013362,uRLLC,1.683
12.025303,mMTC,0.379
12.031403,mMTC,0.359
12.080746,mMTC,0.153
12.082761,eMBB,6.982
12.082978,uRLLC,1.892
12.107221,eMBB,7.890
12.111149,uRLLC,1.535
12.137124,mMTC,0.154
12.149948,uRLLC,1.742
12.163222,uRLLC,1.890
12.166206,uRLLC,1.919
12.189080,eMBB,6.945
12.208434,mMTC,0.413
12.249132,eMBB,5.360
12.292271,uRLLC,0.925
12.309695,mMTC,0.168
12.318172,eMBB,5.082
12.319577,uRLLC,1.263
12.369173,mMTC,0.325
12.396673,eMBB,11.455
12.400329,uRLLC,0.775
12.403754,uRLLC,1.346
12.410228,mMTC,0.226
12.419753,mMTC,0.107
12.422135,mMTC,0.110
12.438285,mMTC,0.420
12.457469,uRLLC,1.288
12.471742,mMTC,0.370
12.479996,uRLLC,0.582
12.491310,eMBB,7.731
12.527636,mMTC,0.227
12.528248,uRLLC,1.389
12.590434,eMBB,6.288
12.614347,mMTC,0.461
12.628940,uRLLC,0.727
12.645611,uRLLC,0.651
12.648336,mMTC,0.266
12.654894,mMTC,0.418
12.662823,uRLLC,1.055
12.717734,uRLLC,0.792
12.750869,uRLLC,1.637
12.818502,uRLLC,0.854
12.885346,mMTC,0.239
12.966140,mMTC,0.284
12.989499,mMTC,0.340
13.005560,uRLLC,0.663
13.021810,mMTC,0.414
13.054878,uRLLC,1.655
13.067662,mMTC,0.322
13.077061,uRLLC,1.807
13.078319,mMTC,0.211
13.088882,uRLLC,0.755
13.096723,eMBB,13.328
13.110927,mMTC,0.147
13.131662,uRLLC,0.727
13.134045,mMTC,0.441
13.141065,eMBB,14.631
13.158585,eMBB,10.831
13.170967,mMTC,0.373
13.218169,eMBB,9.015
13.231834,uRLLC,1.130
13.238555,uRLLC,1.044
13.314037,eMBB,12.127
13.317540,mMTC,0.463
13.325461,eMBB,10.522
13.394148,mMTC,0.438
13.401201,mMTC,0.186
13.415387,uRLLC,0.534
13.469620,uRLLC,0.969
13.532956,uRLLC,1.594
13.560023,uRLLC,0.908
13.566950,mMTC,0.219
13.597062,mMTC,0.416
13.612614,mMTC,0.146
13.636022,uRLLC,0.838
13.657608,mMTC,0.295
13.713578,uRLLC,0.615
13.716416,mMTC,0.422
13.766924,uRLLC,1.017
13.784222,mMTC,0.434
13.807388,mMTC,0.131
13.824345,mMTC,0.210
13.837000,uRLLC,1.731
13.905609,mMTC,0.360
13.909086,uRLLC,1.261
13.919312,mMTC,0.416
13.926710,mMTC,0.111
13.988402,uRLLC,0.730
13.997365,eMBB,12.516
14.010606,mMTC,0.270
14.040116,mMTC,0.261
14.065271,mMTC,0.469
14.082518,uRLLC,1.781
14.109738,mMTC,0.295
14.183770,mMTC,0.194
14.236031,mMTC,0.403
14.284401,eMBB,5.467
14.331001,eMBB,11.654
14.345355,mMTC,0.461
14.371054,mMTC,0.380
14.396745,mMTC,0.450
14.418387,uRLLC,1.947
14.425527,mMTC,0.473
14.432198,mMTC,0.172
14.487221,eMBB,7.443
14.541248,uRLLC,0.850
14.544070,eMBB,6.937
14.557403,mMTC,0.111
14.603711,uRLLC,0.531
14.639961,uRLLC,0.725
14.645925,uRLLC,0.741
14.649539,uRLLC,1.969
14.679077,eMBB,14.184
14.739426,mMTC,0.348
14.740086,uRLLC,1.261
14.780216,mMTC,0.296
14.809461,mMTC,0.262
14.814814,mMTC,0.373
14.828537,mMTC,0.455
14.830955,eMBB,8.355
14.840928,uRLLC,0.650
14.882339,mMTC,0.140
14.910791,uRLLC,0.674
14.916431,uRLLC,1.463
14.966083,uRLLC,0.671
14.987598,mMTC,0.207
14.987900,uRLLC,1.257
15.029922,eMBB,13.620
15.064290,uRLLC,1.522
15.065416,uRLLC,0.907
15.093532,uRLLC,1.057
15.100267,eMBB,7.410
15.130112,uRLLC,1.064
15.137441,eMBB,5.482
15.283102,mMTC,0.439
15.311314,eMBB,13.924
15.367819,eMBB,8.778
15.370277,mMTC,0.138
15.372081,eMBB,12.262
15.386310,mMTC,0.259
15.398785,mMTC,0.307
15.399481,eMBB,11.825
15.462773,uRLLC,0.974
15.467414,uRLLC,1.972
15.480998,mMTC,0.475
15.506952,mMTC,0.411
15.520282,eMBB,6.867
15.550185,uRLLC,0.746
15.551200,mMTC,0.320
15.555003,uRLLC,1.918
15.585832,mMTC,0.164
15.635875,uRLLC,0.866
15.643597,mMTC,0.431
15.644704,uRLLC,1.319
15.654053,eMBB,8.987
15.677534,eMBB,5.012
15.698401,mMTC,0.344
15.712870,uRLLC,1.921
15.715474,uRLLC,1.095
15.741146,uRLLC,1.443
15.758818,mMTC,0.355
15.789948,uRLLC,1.838
15.823735,uRLLC,1.742
15.836445,mMTC,0.410
15.836741,mMTC,0.296
15.864313,mMTC,0.333
15.880937,uRLLC,0.659
15.888159,mMTC,0.177
15.896945,eMBB,6.146
15.900673,mMTC,0.101
15.913044,mMTC,0.276
15.913531,mMTC,0.359
15.922796,mMTC,0.208
15.964326,eMBB,11.379
15.971250,uRLLC,1.555
15.974861,mMTC,0.283
15.996636,uRLLC,0.902
16.010241,eMBB,7.922
16.035821,uRLLC,0.782
16.078445,uRLLC,1.944
16.092017,eMBB,6.026
16.125622,uRLLC,1.896
16.133770,eMBB,8.480
16.144260,uRLLC,1.517
16.164064,uRLLC,0.674
16.169823,uRLLC,0.955
16.272724,mMTC,0.110
16.319880,uRLLC,1.539
16.358067,uRLLC,1.116
16.372000,eMBB,14.295
16.379101,eMBB,8.355
16.400034,uRLLC,1.840
16.405507,mMTC,0.425
16.434577,eMBB,8.160
16.459505,mMTC,0.201
16.461270,uRLLC,0.945
16.483604,mMTC,0.385
16.520653,uRLLC,1.242
16.555183,mMTC,0.226
16.564470,mMTC,0.210
16.631218,uRLLC,0.773
16.634526,mMTC,0.221
16.676060,mMTC,0.110
16.707891,eMBB,6.213
16.713983,mMTC,0.298
16.718726,eMBB,11.851
16.719061,uRLLC,1.785
16.773261,mMTC,0.243
16.823472,eMBB,7.307
16.826895,uRLLC,0.878
16.845399,mMTC,0.103
16.851327,mMTC,0.351
16.922501,eMBB,13.342
16.924980,mMTC,0.207
16.942372,uRLLC,1.067
16.962890,mMTC,0.130
16.976266,mMTC,0.490
17.021128,mMTC,0.300
17.023629,uRLLC,1.563
17.111773,mMTC,0.321
17.130057,mMTC,0.391
17.130920,eMBB,9.094
17.136381,uRLLC,1.343
17.139645,mMTC,0.330
17.170704,mMTC,0.368
17.211365,mMTC,0.352
17.219640,eMBB,9.006
17.260830,mMTC,0.108
17.265616,mMTC,0.400
17.313732,uRLLC,1.756
17.328669,mMTC,0.116
17.351490,mMTC,0.314
17.395037,eMBB,12.653
17.421660,mMTC,0.174
17.427572,eMBB,8.122
17.573427,mMTC,0.127
17.574433,mMTC,0.280
17.584152,mMTC,0.444
17.629096,mMTC,0.271
17.629533,mMTC,0.374
17.632353,uRLLC,1.811
17.639225,uRLLC,1.635
17.657196,mMTC,0.262
17.694875,uRLLC,1.326
17.719746,mMTC,0.305
17.730032,eMBB,13.303
17.735464,eMBB,6.901
17.779222,eMBB,5.702
17.788945,eMBB,13.772
17.789642,mMTC,0.219
17.800542,eMBB,9.627
17.875449,uRLLC,1.357
17.882155,eMBB,9.642
17.890486,eMBB,14.161
17.901298,eMBB,8.906
17.904011,mMTC,0.323
17.918202,eMBB,9.432
17.941609,uRLLC,0.848
17.957335,mMTC,0.329
17.995036,mMTC,0.322
17.996364,eMBB,5.915
17.996833,uRLLC,1.971
18.001736,uRLLC,0.662
18.008165,mMTC,0.499
18.096976,mMTC,0.195
18.102934,mMTC,0.228
18.146974,mMTC,0.282
18.201549,mMTC,0.206
18.227869,uRLLC,0.855
18.268349,uRLLC,1.776
18.277583,mMTC,0.382
18.338544,mMTC,0.274
18.343942,mMTC,0.232
18.376163,uRLLC,1.898
18.461610,mMTC,0.496
18.482865,uRLLC,1.992
18.489199,uRLLC,1.173
18.542019,eMBB,9.871
18.557371,uRLLC,1.399
18.613603,mMTC,0.477
18.655881,eMBB,7.668
18.656804,uRLLC,1.409
18.661307,mMTC,0.400
18.662009,mMTC,0.303
18.713986,uRLLC,1.588
18.746570,uRLLC,1.411
18.751072,eMBB,8.096
18.754676,mMTC,0.101
18.771729,mMTC,0.314
18.782913,uRLLC,1.344
18.828893,mMTC,0.254
18.858399,uRLLC,1.323
18.868751,eMBB,10.907
18.883586,uRLLC,1.101
18.884869,mMTC,0.309
18.958818,mMTC,0.281
18.959132,mMTC,0.326
18.971160,uRLLC,1.600
18.978436,mMTC,0.139
19.005500,mMTC,0.421
19.044697,uRLLC,0.836
19.053120,uRLLC,1.757
19.106341,mMTC,0.103
19.156171,mMTC,0.189
19.160068,uRLLC,0.806
19.192408,mMTC,0.269
19.210393,mMTC,0.155
19.211362,mMTC,0.312
19.230008,uRLLC,1.523
19.274363,uRLLC,0.834
19.274365,mMTC,0.339
19.296711,uRLLC,1.798
19.309469,mMTC,0.500
19.363069,mMTC,0.328
19.396191,mMTC,0.393
19.430528,eMBB,10.734
19.441143,uRLLC,1.244
19.443845,uRLLC,1.189
19.460349,mMTC,0.198
19.470178,mMTC,0.187
19.471891,uRLLC,1.985
19.492353,uRLLC,1.846
19.495137,uRLLC,1.497
19.497424,uRLLC,0.664
19.513235,uRLLC,1.030
19.513998,mMTC,0.496
19.522845,uRLLC,1.450
19.530547,eMBB,6.196
19.583215,eMBB,6.000
19.587290,uRLLC,0.854
19.661006,mMTC,0.120
19.670197,mMTC,0.347
19.692431,eMBB,8.078
19.702523,uRLLC,0.633
19.713044,mMTC,0.191
19.720724,mMTC,0.173
19.739628,uRLLC,1.823
19.795772,mMTC,0.174
19.876340,uRLLC,1.197
19.922615,mMTC,0.444
19.961299,mMTC,0.454
19.962771,eMBB,10.649
20.020165,mMTC,0.195
20.032052,mMTC,0.159
20.032644,mMTC,0.481
20.040018,mMTC,0.280
20.040115,mMTC,0.124
20.040908,mMTC,0.337
20.053093,mMTC,0.127
20.053549,mMTC,0.429
20.057380,mMTC,0.164
20.061188,mMTC,0.405
20.061794,mMTC,0.213
20.068041,mMTC,0.243
20.074769,uRLLC,1.087
20.077635,eMBB,13.071
20.077651,mMTC,0.351
20.081230,mMTC,0.232
20.082472,mMTC,0.392
20.086801,mMTC,0.481
20.090352,mMTC,0.108
20.090417,mMTC,0.156
20.093898,mMTC,0.162
20.096960,uRLLC,1.833
20.098842,mMTC,0.127
20.121115,mMTC,0.356
20.144523,eMBB,12.255
20.216945,mMTC,0.490
20.220926,mMTC,0.433
20.225898,mMTC,0.186
20.242673,eMBB,9.017
20.276560,mMTC,0.216
20.292723,mMTC,0.282
20.317419,mMTC,0.316
20.329202,mMTC,0.360
20.374926,uRLLC,1.973
20.414263,uRLLC,1.283
20.418098,eMBB,14.248
20.433535,mMTC,0.104
20.467787,uRLLC,1.289
20.522585,uRLLC,0.808
20.656708,mMTC,0.193
20.673343,uRLLC,1.593
20.679337,mMTC,0.469
20.691612,mMTC,0.259
20.691988,uRLLC,0.960
20.700286,eMBB,9.413
20.705703,uRLLC,1.645
20.774595,mMTC,0.359
20.775846,uRLLC,1.714
20.841117,mMTC,0.348
20.853505,uRLLC,1.616
20.929626,uRLLC,0.687
20.935307,mMTC,0.311
20.944469,mMTC,0.444
20.983164,mMTC,0.307
20.999228,mMTC,0.175
21.014893,mMTC,0.257
21.039758,mMTC,0.487
21.073542,eMBB,10.669
21.078919,eMBB,14.929
21.091493,uRLLC,1.261
21.174841,mMTC,0.127
21.190499,eMBB,13.481
21.213578,eMBB,10.147
21.227807,uRLLC,0.540
21.235148,uRLLC,1.809
21.238568,mMTC,0.484
21.245295,mMTC,0.243
21.266260,mMTC,0.176
21.313150,mMTC,0.141
21.337124,uRLLC,0.897
21.345223,mMTC,0.315
21.361770,mMTC,0.235
21.398310,mMTC,0.451
21.414258,uRLLC,1.761
21.419859,uRLLC,0.709
21.455492,mMTC,0.329
21.466667,uRLLC,1.698
21.472047,uRLLC,1.334
21.473883,mMTC,0.378
21.495673,mMTC,0.489
21.497163,mMTC,0.244
21.515346,eMBB,11.825
21.518806,eMBB,11.007
21.539379,mMTC,0.243
21.597023,mMTC,0.192
21.603016,mMTC,0.345
21.611976,uRLLC,0.881
21.614864,mMTC,0.439
21.745393,mMTC,0.474
21.749374,mMTC,0.404
21.752171,uRLLC,1.473
21.755917,uRLLC,0.722
21.758023,uRLLC,1.964
21.798709,eMBB,8.528
21.804166,mMTC,0.484
21.808139,mMTC,0.270
21.812262,mMTC,0.356
21.822985,mMTC,0.340
21.829117,uRLLC,0.673
21.834289,mMTC,0.140
21.845034,mMTC,0.369
21.854994,eMBB,7.511
21.923883,mMTC,0.213
21.945859,mMTC,0.155
21.948133,mMTC,0.149
22.010547,mMTC,0.400
22.010709,mMTC,0.225
22.043700,uRLLC,1.402
22.046536,mMTC,0.277
22.071089,uRLLC,0.882
22.089835,uRLLC,1.018
22.159155,mMTC,0.443
22.169847,eMBB,10.883
22.208217,eMBB,10.223
22.240834,mMTC,0.264
22.277934,uRLLC,1.831
22.282807,mMTC,0.177
22.332745,mMTC,0.376
22.362573,uRLLC,0.793
22.375557,uRLLC,1.558
22.483025,uRLLC,1.150
22.496279,mMTC,0.174
22.499698,mMTC,0.365
22.507525,mMTC,0.186
22.515585,mMTC,0.464
22.532215,uRLLC,1.376
22.569134,uRLLC,1.649
22.602400,mMTC,0.239
22.621417,uRLLC,0.569
22.636190,mMTC,0.176
22.637790,uRLLC,0.921
22.648770,mMTC,0.231
22.652884,eMBB,7.868
22.723079,mMTC,0.485
22.732559,mMTC,0.396
22.736414,uRLLC,1.842
22.787341,mMTC,0.371
22.790657,mMTC,0.384
22.792685,uRLLC,0.816
22.806916,eMBB,8.374
22.829199,mMTC,0.304
22.877962,mMTC,0.184
22.880369,uRLLC,0.829
22.917567,mMTC,0.154
22.932626,mMTC,0.322
23.010299,mMTC,0.331
23.044035,mMTC,0.318
23.087960,mMTC,0.426
23.096692,eMBB,9.892
23.102389,mMTC,0.207
23.121446,uRLLC,1.871
23.152978,uRLLC,1.061
23.158690,mMTC,0.237
23.171365,eMBB,12.025
23.198812,eMBB,11.358
23.221432,eMBB,9.101
23.228598,eMBB,9.071
23.241990,uRLLC,1.727
23.245636,eMBB,8.055
23.252386,eMBB,10.203
23.299885,mMTC,0.144
23.316752,uRLLC,1.562
23.317023,mMTC,0.400
23.325176,uRLLC,1.065
23.352961,mMTC,0.209
23.374624,mMTC,0.206
23.427113,mMTC,0.109
23.431270,eMBB,11.336
23.443930,uRLLC,1.478
23.459369,mMTC,0.207
23.476419,uRLLC,1.534
23.551407,uRLLC,1.249
23.589226,eMBB,11.408
23.598628,uRLLC,1.411
23.600973,eMBB,7.126
23.602584,mMTC,0.331
23.603685,uRLLC,1.920
23.614874,mMTC,0.332
23.619420,mMTC,0.232
23.635651,eMBB,12.654
23.664368,mMTC,0.136
23.666744,mMTC,0.162
23.676582,uRLLC,1.237
23.710856,mMTC,0.379
23.725954,mMTC,0.240
23.787264,uRLLC,1.907
23.798489,uRLLC,0.912
23.818448,uRLLC,1.278
23.819097,mMTC,0.415
23.827408,mMTC,0.152
23.832450,mMTC,0.138
23.867368,mMTC,0.341
23.874859,eMBB,6.658
23.879810,eMBB,10.257
23.891272,eMBB,6.724
23.898252,eMBB,5.210
23.912399,uRLLC,1.974
23.918928,eMBB,7.482
23.919561,eMBB,6.909
23.926374,eMBB,8.689
23.951764,eMBB,9.826
23.981672,eMBB,10.456
24.013443,eMBB,6.674
24.017833,mMTC,0.304
24.030459,uRLLC,0.551
24.044865,uRLLC,0.992
24.055025,uRLLC,1.872
24.070536,mMTC,0.353
24.105860,uRLLC,0.824
24.116791,mMTC,0.382
24.149248,mMTC,0.107
24.165469,mMTC,0.451
24.186080,uRLLC,0.817
24.194986,eMBB,8.408
24.212218,mMTC,0.365
24.222564,uRLLC,1.509
24.232005,mMTC,0.449
24.234025,mMTC,0.366
24.248825,mMTC,0.148
24.268110,uRLLC,1.490
24.303692,mMTC,0.319
24.309148,eMBB,6.490
24.318748,uRLLC,1.264
24.326535,uRLLC,1.548
24.357483,uRLLC,0.947
24.377859,mMTC,0.135
24.384815,uRLLC,1.538
24.419137,mMTC,0.343
24.432338,mMTC,0.271
24.433383,mMTC,0.360
24.498409,mMTC,0.187
24.576181,mMTC,0.243
24.606747,eMBB,11.344
24.650365,mMTC,0.443
24.652643,mMTC,0.385
24.686031,eMBB,10.695
24.697655,mMTC,0.404
24.717899,mMTC,0.387
24.772253,uRLLC,0.669
24.786131,eMBB,9.373
24.793056,uRLLC,1.575
24.816309,uRLLC,1.930
24.828841,eMBB,9.168
24.944848,mMTC,0.341
24.998131,uRLLC,0.698
25.108182,mMTC,0.120
25.110368,mMTC,0.239
25.113329,eMBB,6.853
25.125773,eMBB,5.755
25.141088,uRLLC,1.079
25.210082,uRLLC,1.903
25.238532,uRLLC,0.636
25.257612,uRLLC,1.635
25.334904,uRLLC,1.439
25.351102,uRLLC,1.993
25.358048,mMTC,0.438
25.365331,uRLLC,0.908
25.371294,mMTC,0.359
25.389209,mMTC,0.293
25.397335,mMTC,0.354
25.412968,mMTC,0.312
25.433268,uRLLC,1.483
25.441442,eMBB,6.797
25.463516,uRLLC,1.631
25.474742,eMBB,7.542
25.476556,mMTC,0.336
25.481055,eMBB,5.483
25.554175,mMTC,0.427
25.555367,mMTC,0.199
25.557884,mMTC,0.275
25.562835,mMTC,0.452
25.568388,mMTC,0.372
25.576513,eMBB,8.217
25.607539,uRLLC,1.322
25.681406,mMTC,0.415
25.703967,uRLLC,1.704
25.708429,mMTC,0.102
25.733163,eMBB,10.110
25.735531,mMTC,0.294
25.737845,eMBB,5.971
25.768383,mMTC,0.170
25.809145,eMBB,10.352
25.836573,uRLLC,0.799
25.837157,mMTC,0.313
25.844364,uRLLC,1.405
25.859531,uRLLC,1.178
25.865739,mMTC,0.465
25.872290,mMTC,0.219
25.893396,uRLLC,1.452
25.902090,mMTC,0.111
25.925588,uRLLC,1.960
25.965527,eMBB,9.919
26.021555,mMTC,0.160
26.023115,uRLLC,0.776
26.033337,mMTC,0.192
26.052925,eMBB,11.258
26.089762,eMBB,13.621
26.093519,mMTC,0.496
26.119986,mMTC,0.342
26.181184,mMTC,0.165
26.182435,mMTC,0.234
26.213477,mMTC,0.219
26.221153,mMTC,0.368
26.254945,mMTC,0.319
26.265344,uRLLC,0.645
26.269650,mMTC,0.201
26.273393,uRLLC,0.973
26.280112,eMBB,7.728
26.326796,uRLLC,1.619
26.418558,mMTC,0.179
26.465995,uRLLC,1.074
26.466560,mMTC,0.386
26.513935,eMBB,11.967
26.532421,mMTC,0.190
26.586255,uRLLC,0.622
26.599019,uRLLC,1.339
26.602306,uRLLC,0.741
26.607030,mMTC,0.276
26.611962,uRLLC,0.917
26.622362,mMTC,0.407
26.663145,mMTC,0.149
26.687173,mMTC,0.144
26.710769,eMBB,13.407
26.725508,mMTC,0.356
26.790284,mMTC,0.485
26.833727,mMTC,0.187
26.840947,mMTC,0.345
26.849541,eMBB,8.936
26.860460,mMTC,0.244
26.878728,mMTC,0.186
26.898400,uRLLC,0.936
26.929801,uRLLC,0.885
26.961342,uRLLC,0.913
26.996043,mMTC,0.257
27.007822,eMBB,10.775
27.028335,eMBB,14.339
27.067486,uRLLC,1.534
27.081437,uRLLC,1.675
27.104100,uRLLC,0.525
27.106973,uRLLC,1.760
27.118971,mMTC,0.155
27.188196,eMBB,7.296
27.194099,uRLLC,1.676
27.198840,uRLLC,0.655
27.244488,mMTC,0.165
27.255810,mMTC,0.227
27.261611,uRLLC,1.725
27.262479,mMTC,0.148
27.315019,uRLLC,1.504
27.326570,uRLLC,1.215
27.326997,eMBB,13.611
27.360098,mMTC,0.466
27.360911,mMTC,0.290
27.381414,mMTC,0.462
27.400173,mMTC,0.314
27.547585,mMTC,0.419
27.550610,uRLLC,1.152
27.566952,mMTC,0.356
27.594568,uRLLC,0.753
27.625281,mMTC,0.452
27.654264,eMBB,12.696
27.655436,uRLLC,1.102
27.664258,mMTC,0.136
27.664317,mMTC,0.458
27.664872,eMBB,9.431
27.704834,uRLLC,0.616
27.746160,uRLLC,0.980
27.799674,uRLLC,1.609
27.829593,eMBB,7.614
27.834841,uRLLC,1.266
27.848741,mMTC,0.476
27.849745,mMTC,0.403
27.918226,uRLLC,1.389
27.928292,mMTC,0.465
27.929360,uRLLC,1.678
27.934434,uRLLC,0.857
27.950265,mMTC,0.388
27.954383,uRLLC,0.674
27.965813,mMTC,0.303
27.983209,mMTC,0.277
28.128258,uRLLC,1.285
28.154493,uRLLC,1.203
28.172536,mMTC,0.479
28.218262,mMTC,0.225
28.235169,uRLLC,0.892
28.285565,mMTC,0.115
28.296078,mMTC,0.284
28.308735,uRLLC,1.955
28.320691,mMTC,0.253
28.324957,uRLLC,1.977
28.327887,mMTC,0.398
28.371644,mMTC,0.323
28.399339,eMBB,5.004
28.419118,mMTC,0.248
28.435866,mMTC,0.243
28.441049,uRLLC,0.879
28.447573,mMTC,0.259
28.452738,uRLLC,0.797
28.513375,uRLLC,1.031
28.515371,mMTC,0.240
28.536676,mMTC,0.378
28.572259,eMBB,10.246
28.620395,eMBB,5.159
28.642431,mMTC,0.403
28.646570,mMTC,0.208
28.658229,mMTC,0.262
28.702268,eMBB,5.746
28.714099,mMTC,0.448
28.721412,mMTC,0.459
28.731262,uRLLC,1.091
28.753742,mMTC,0.452
28.760595,uRLLC,1.466
28.781808,uRLLC,0.965
28.801250,mMTC,0.335
28.817368,uRLLC,0.769
28.874981,eMBB,6.219
28.890156,uRLLC,1.478
28.960967,uRLLC,1.607
28.961598,mMTC,0.103
28.991982,mMTC,0.474
29.052666,mMTC,0.249
29.066466,uRLLC,1.109
29.094057,eMBB,13.774
29.104034,mMTC,0.311
29.120418,eMBB,6.784
29.161984,mMTC,0.494
29.181441,mMTC,0.315
29.181883,eMBB,14.816
29.189938,eMBB,13.767
29.201077,mMTC,0.394
29.239238,mMTC,0.136
29.280223,uRLLC,1.685
29.300980,mMTC,0.327
29.329113,uRLLC,0.633
29.332026,mMTC,0.104
29.342294,eMBB,8.039
29.359476,mMTC,0.370
29.372055,mMTC,0.127
29.396694,eMBB,11.324
29.398580,uRLLC,0.837
29.429864,mMTC,0.237
29.436480,uRLLC,1.693
29.456682,mMTC,0.305
29.461683,mMTC,0.131
29.463061,mMTC,0.247
29.472380,uRLLC,1.834
29.473797,eMBB,14.512
29.481403,mMTC,0.238
29.490944,mMTC,0.319
29.496991,uRLLC,1.678
29.507467,uRLLC,1.834
29.537402,mMTC,0.321
29.538814,mMTC,0.456
29.561966,eMBB,5.236
29.584993,uRLLC,1.713
29.594990,uRLLC,0.631
29.608620,mMTC,0.298
29.615147,mMTC,0.284
29.622168,eMBB,8.068
29.633155,mMTC,0.267
29.634947,mMTC,0.305
29.663639,uRLLC,0.728
29.714253,mMTC,0.188
29.718457,mMTC,0.253
29.727975,mMTC,0.380
29.745149,uRLLC,1.208
29.786694,uRLLC,1.647
29.826298,eMBB,6.399
29.832175,mMTC,0.197
29.856829,mMTC,0.191
29.866156,uRLLC,1.397
29.889646,mMTC,0.131
29.896284,uRLLC,0.994
29.969227,mMTC,0.500
29.969662,mMTC,0.192
29.997696,uRLLC,0.927
30.007543,uRLLC,1.076
30.013200,uRLLC,1.594
30.019082,uRLLC,1.581
30.040061,uRLLC,0.601
30.070093,mMTC,0.323
30.071688,mMTC,0.382
30.075064,mMTC,0.221
30.076531,mMTC,0.352
30.082175,mMTC,0.182
30.089985,mMTC,0.425
30.092825,mMTC,0.108
30.094799,mMTC,0.434
30.104042,mMTC,0.495
30.115809,mMTC,0.332
30.128589,mMTC,0.223
30.135477,uRLLC,1.452
30.145026,uRLLC,1.440
30.155459,eMBB,6.059
30.186657,mMTC,0.114
30.190364,eMBB,11.640
30.219698,uRLLC,1.246
30.318860,eMBB,13.192
30.326401,eMBB,7.400
30.351404,uRLLC,1.345
30.372169,eMBB,13.005
30.386753,mMTC,0.420
30.420224,mMTC,0.301
30.465114,mMTC,0.182
30.484734,uRLLC,1.226
30.487351,mMTC,0.219
30.562169,mMTC,0.186
30.569990,mMTC,0.425
30.579067,mMTC,0.286
30.604112,mMTC,0.194
30.643430,mMTC,0.482
30.656123,mMTC,0.489
30.704665,mMTC,0.233
30.712439,uRLLC,1.645
30.801039,uRLLC,1.108
30.819249,eMBB,13.917
30.839711,eMBB,11.504
30.842010,mMTC,0.345
30.851616,uRLLC,1.887
30.851865,mMTC,0.103
30.857804,eMBB,6.443
30.915011,eMBB,5.986
30.939109,mMTC,0.135
30.958879,uRLLC,1.363
31.060771,mMTC,0.393
31.122882,uRLLC,0.751
31.134720,eMBB,10.646
31.204599,mMTC,0.424
31.218960,eMBB,6.205
31.266601,mMTC,0.177
31.344846,mMTC,0.389
31.345192,uRLLC,1.379
31.348500,mMTC,0.263
31.392730,uRLLC,1.141
31.407543,eMBB,9.627
31.416510,uRLLC,1.449
31.481559,mMTC,0.336
31.507664,mMTC,0.361
31.561575,uRLLC,1.471
31.562907,mMTC,0.416
31.619669,uRLLC,1.968
31.696372,mMTC,0.201
31.703779,uRLLC,1.022
31.709077,mMTC,0.327
31.795829,uRLLC,0.621
31.810796,uRLLC,0.509
31.816755,uRLLC,1.465
31.824778,uRLLC,1.714
31.827007,uRLLC,1.659
31.841711,uRLLC,1.809
31.868070,uRLLC,1.027
31.912251,uRLLC,0.657
31.956806,uRLLC,1.730
31.964674,uRLLC,0.753
31.965223,mMTC,0.467
31.978711,uRLLC,1.749
32.025900,mMTC,0.220
32.073487,mMTC,0.320
32.092825,mMTC,0.141
32.112266,mMTC,0.288
32.114380,uRLLC,1.448
32.150807,mMTC,0.374
32.162949,uRLLC,1.384
32.172799,uRLLC,0.533
32.224557,uRLLC,0.869
32.228921,mMTC,0.115
32.263520,mMTC,0.223
32.273123,mMTC,0.379
32.283239,mMTC,0.152
32.330203,uRLLC,1.439
32.334838,mMTC,0.173
32.336192,eMBB,13.435
32.336798,eMBB,8.177
32.365715,eMBB,12.621
32.369628,mMTC,0.260
32.383704,mMTC,0.425
32.397888,uRLLC,1.482
32.412242,eMBB,9.788
32.433439,mMTC,0.414
32.490289,uRLLC,1.398
32.498798,eMBB,5.832
32.512408,uRLLC,1.434
32.537286,mMTC,0.445
32.537347,uRLLC,1.592
32.546140,mMTC,0.397
32.575100,uRLLC,1.637
32.586339,uRLLC,1.038
32.591400,mMTC,0.316
32.631314,mMTC,0.470
32.643717,eMBB,14.139
32.682452,mMTC,0.395
32.700663,uRLLC,1.954
32.703788,mMTC,0.386
32.718358,mMTC,0.284
32.735892,uRLLC,1.093
32.743601,mMTC,0.234
32.744131,uRLLC,1.832
32.748675,eMBB,7.582
32.807053,mMTC,0.360
32.814799,uRLLC,1.192
32.865145,mMTC,0.454
32.900198,mMTC,0.313
32.903294,mMTC,0.294
32.943854,uRLLC,1.018
32.973614,uRLLC,0.597
32.986071,mMTC,0.421
32.994036,mMTC,0.429
33.030555,uRLLC,1.668
33.046390,eMBB,9.070
33.046720,mMTC,0.220
33.079196,mMTC,0.401
33.082668,uRLLC,1.262
33.096562,mMTC,0.237
33.097154,mMTC,0.433
33.131657,mMTC,0.434
33.141344,mMTC,0.202
33.169323,uRLLC,1.957
33.193538,eMBB,13.859
33.249948,eMBB,11.173
33.252030,uRLLC,1.020
33.277926,uRLLC,0.861
33.305178,uRLLC,1.362
33.308460,mMTC,0.351
33.313990,uRLLC,1.454
33.321081,uRLLC,1.535
33.333443,eMBB,13.880
33.334574,uRLLC,0.972
33.340730,mMTC,0.334
33.370873,mMTC,0.110
33.381370,mMTC,0.436
33.433024,mMTC,0.227
33.444149,uRLLC,1.022
33.448796,uRLLC,1.074
33.456011,mMTC,0.211
33.475625,uRLLC,1.630
33.507159,uRLLC,1.429
33.568941,mMTC,0.458
33.625599,uRLLC,1.993
33.635250,mMTC,0.362
33.669872,uRLLC,0.579
33.677360,eMBB,7.011
33.680981,eMBB,9.609
33.700878,eMBB,8.762
33.707063,uRLLC,1.195
33.710980,mMTC,0.110
33.749416,mMTC,0.440
33.764782,mMTC,0.359
33.802405,mMTC,0.194
33.815547,uRLLC,1.665
33.825810,uRLLC,1.161
33.861527,eMBB,8.515
33.861697,mMTC,0.461
33.861829,uRLLC,1.182
33.881444,uRLLC,1.014
33.897260,eMBB,13.907
33.903053,mMTC,0.208
33.932348,mMTC,0.304
33.951426,mMTC,0.149
33.978320,uRLLC,0.956
34.039040,mMTC,0.157
34.062011,mMTC,0.463
34.114350,mMTC,0.277
34.114495,mMTC,0.171
34.202837,mMTC,0.454
34.215714,mMTC,0.248
34.242876,mMTC,0.408
34.257163,eMBB,7.228
34.257343,mMTC,0.191
34.259455,eMBB,14.874
34.264005,uRLLC,1.596
34.288279,mMTC,0.186
34.297950,uRLLC,1.185
34.341806,mMTC,0.302
34.391781,mMTC,0.241
34.395423,mMTC,0.144
34.433021,mMTC,0.407
34.433809,mMTC,0.120
34.439955,uRLLC,1.585
34.471840,mMTC,0.431
34.489049,mMTC,0.209
34.512448,mMTC,0.360
34.518357,eMBB,11.290
34.561619,uRLLC,0.512
34.567857,mMTC,0.262
34.571161,mMTC,0.202
34.588655,mMTC,0.246
34.601730,mMTC,0.379
34.627845,uRLLC,0.848
34.653110,mMTC,0.324
34.678767,mMTC,0.247
34.719974,uRLLC,0.718
34.722090,uRLLC,0.639
34.768895,mMTC,0.150
34.789538,eMBB,10.788
34.794971,eMBB,10.201
34.798378,uRLLC,1.558
34.815319,uRLLC,0.613
34.822036,uRLLC,1.137
34.893864,mMTC,0.256
34.915744,mMTC,0.310
34.917501,mMTC,0.156
34.980175,mMTC,0.447
35.040803,mMTC,0.188
35.082174,uRLLC,1.856
35.091843,mMTC,0.403
35.182007,eMBB,9.537
35.187171,eMBB,13.513
35.199074,eMBB,11.796
35.203672,mMTC,0.254
35.239851,mMTC,0.459
35.312669,uRLLC,0.909
35.332436,uRLLC,1.097
35.338130,uRLLC,1.760
35.341441,mMTC,0.321
35.358265,uRLLC,0.731
35.378616,uRLLC,1.151
35.385147,uRLLC,0.540
35.408088,uRLLC,1.090
35.411631,mMTC,0.121
35.412723,uRLLC,1.904
35.465880,eMBB,14.935
35.523280,uRLLC,0.638
35.528987,eMBB,8.044
35.556135,uRLLC,1.242
35.570853,uRLLC,1.382
35.611176,mMTC,0.118
35.654277,uRLLC,1.684
35.659514,uRLLC,0.665
35.661967,uRLLC,1.942
35.665293,eMBB,11.434
35.730766,uRLLC,1.365
35.782078,eMBB,9.204
35.787399,eMBB,12.074
35.789297,mMTC,0.366
35.799321,uRLLC,1.683
35.880891,uRLLC,0.508
35.907322,mMTC,0.306
35.945476,mMTC,0.480
35.970197,mMTC,0.477
35.977483,eMBB,8.469
36.085972,eMBB,12.352
36.198966,uRLLC,1.905
36.215323,mMTC,0.204
36.224578,eMBB,13.913
36.282575,uRLLC,0.844
36.328529,mMTC,0.404
36.373372,uRLLC,1.965
36.395698,uRLLC,1.657
36.406825,uRLLC,1.870
36.414647,mMTC,0.412
36.422209,mMTC,0.489
36.486630,uRLLC,1.514
36.517539,eMBB,9.077
36.542101,uRLLC,1.473
36.569141,mMTC,0.172
36.582508,mMTC,0.410
36.593818,uRLLC,0.914
36.672616,mMTC,0.312
36.708635,mMTC,0.168
36.781342,uRLLC,1.500
36.806248,mMTC,0.353
36.812324,uRLLC,0.782
36.828283,mMTC,0.153
36.913579,eMBB,6.549
36.941422,eMBB,5.349
36.959266,uRLLC,1.707
37.007678,mMTC,0.186
37.020389,uRLLC,0.655
37.035206,eMBB,10.151
37.050278,mMTC,0.236
37.123290,mMTC,0.323
37.142874,eMBB,5.829
37.198269,mMTC,0.285
37.232212,mMTC,0.219
37.292650,mMTC,0.217
37.376485,uRLLC,1.024
37.381096,mMTC,0.114
37.383108,mMTC,0.427
37.383965,mMTC,0.378
37.393265,mMTC,0.175
37.481141,uRLLC,1.555
37.494942,mMTC,0.110
37.558474,uRLLC,1.184
37.563075,eMBB,5.109
37.607076,uRLLC,1.549
37.623054,uRLLC,1.499
37.637530,mMTC,0.317
37.656912,mMTC,0.260
37.702842,mMTC,0.149
37.722198,mMTC,0.167
37.732891,mMTC,0.201
37.744266,mMTC,0.433
37.770723,uRLLC,0.937
37.776484,eMBB,5.806
37.832949,uRLLC,1.718
37.842769,mMTC,0.157
37.867325,eMBB,13.043
37.868323,mMTC,0.202
37.883158,eMBB,5.924
37.919662,eMBB,8.275
37.939414,uRLLC,1.407
37.974591,mMTC,0.404
38.025122,eMBB,12.787
38.054160,mMTC,0.349
38.081016,mMTC,0.145
38.087942,uRLLC,1.171
38.111581,eMBB,10.668
38.143101,eMBB,8.579
38.145673,eMBB,9.163
38.179435,eMBB,12.071
38.214806,mMTC,0.274
38.246186,uRLLC,0.713
38.247224,mMTC,0.166
38.294075,mMTC,0.463
38.310934,mMTC,0.485
38.324980,mMTC,0.474
38.350396,mMTC,0.490
38.373204,mMTC,0.284
38.391918,mMTC,0.348
38.398584,mMTC,0.330
38.399614,uRLLC,0.696
38.438593,eMBB,6.819
38.441561,mMTC,0.382
38.471704,mMTC,0.115
38.474150,eMBB,11.704
38.486793,mMTC,0.143
38.493940,mMTC,0.132
38.516412,eMBB,12.376
38.518915,mMTC,0.358
38.639758,uRLLC,1.432
38.658891,mMTC,0.205
38.670193,mMTC,0.464
38.700823,mMTC,0.448
38.707469,mMTC,0.258
38.711871,uRLLC,0.580
38.786054,mMTC,0.146
38.837702,mMTC,0.406
38.861834,eMBB,11.363
38.888608,mMTC,0.372
38.915560,mMTC,0.144
38.918771,eMBB,14.972
38.960223,mMTC,0.276
38.974280,mMTC,0.491
38.980381,uRLLC,1.592
38.986536,eMBB,6.485
39.059582,uRLLC,1.695
39.073694,eMBB,14.135
39.089356,uRLLC,1.949
39.129291,mMTC,0.352
39.219086,uRLLC,0.999
39.239119,mMTC,0.412
39.251789,uRLLC,0.719
39.259840,eMBB,14.667
39.266629,mMTC,0.488
39.270806,mMTC,0.229
39.335271,mMTC,0.351
39.336461,mMTC,0.482
39.347025,mMTC,0.183
39.404855,mMTC,0.347
39.429028,uRLLC,1.304
39.435042,mMTC,0.266
39.436526,uRLLC,0.843
39.485248,mMTC,0.383
39.496564,mMTC,0.306
39.523599,eMBB,9.314
39.558680,uRLLC,0.885
39.586982,mMTC,0.213
39.617376,mMTC,0.238
39.618083,uRLLC,1.631
39.631801,eMBB,14.381
39.632773,uRLLC,0.760
39.640471,uRLLC,0.926
39.704085,mMTC,0.216
39.716416,uRLLC,1.803
39.720954,uRLLC,1.066
39.730130,mMTC,0.472
39.737147,mMTC,0.184
39.744424,mMTC,0.482
39.774951,mMTC,0.127
39.795814,eMBB,12.639
39.926146,mMTC,0.216
39.933110,mMTC,0.412
39.989949,eMBB,7.957
39.990766,mMTC,0.471
40.011330,mMTC,0.149
40.013264,mMTC,0.153
40.013647,mMTC,0.378
40.029925,mMTC,0.277
40.039184,mMTC,0.418
40.048648,mMTC,0.195
40.058478,mMTC,0.459
40.058956,uRLLC,1.866
40.059169,mMTC,0.331
40.060936,mMTC,0.142
40.063308,mMTC,0.122
40.065905,mMTC,0.404
40.082213,mMTC,0.468
40.099692,mMTC,0.237
40.110499,uRLLC,1.995
40.113062,mMTC,0.206
40.118237,uRLLC,1.481
40.118422,uRLLC,0.692
40.136221,mMTC,0.298
40.149838,uRLLC,1.343
40.180110,uRLLC,1.044
40.210193,uRLLC,1.415
40.248251,uRLLC,0.667
40.249941,eMBB,7.498
40.271591,mMTC,0.401
40.272944,uRLLC,0.609
40.276241,mMTC,0.218
40.298673,mMTC,0.114
40.314171,mMTC,0.167
40.366635,mMTC,0.315
40.406524,mMTC,0.459
40.418878,mMTC,0.283
40.458200,mMTC,0.477
40.490112,mMTC,0.437
40.490222,mMTC,0.402
40.496142,eMBB,5.759
40.594965,mMTC,0.313
40.608909,uRLLC,0.541
40.631096,uRLLC,0.646
40.635017,uRLLC,1.208
40.636764,mMTC,0.280
40.639898,uRLLC,0.867
40.649123,mMTC,0.460
40.694961,uRLLC,1.012
40.705530,eMBB,11.903
40.722043,mMTC,0.447
40.722747,mMTC,0.307
40.746332,eMBB,11.711
40.748448,eMBB,9.223
40.751888,eMBB,6.676
40.786937,mMTC,0.472
40.801725,uRLLC,0.524
40.807412,mMTC,0.152
40.817022,uRLLC,1.328
40.827140,mMTC,0.306
40.829333,mMTC,0.460
40.835077,uRLLC,1.603
40.838297,mMTC,0.132
40.844437,mMTC,0.141
40.857828,mMTC,0.414
40.858229,eMBB,6.234
40.936486,uRLLC,1.677
40.943203,uRLLC,1.822
41.007267,uRLLC,0.887
41.008715,eMBB,14.313
41.023266,mMTC,0.388
41.025538,mMTC,0.238
41.050789,mMTC,0.347
41.056329,mMTC,0.184
41.061944,mMTC,0.276
41.064616,uRLLC,1.885
41.102717,eMBB,8.630
41.152197,mMTC,0.112
41.164797,mMTC,0.457
41.165750,uRLLC,0.950
41.178740,mMTC,0.325
41.196712,uRLLC,1.196
41.232536,mMTC,0.319
41.303849,uRLLC,0.917
41.334937,mMTC,0.376
41.357468,uRLLC,1.406
41.380684,eMBB,14.241
41.384330,uRLLC,1.320
41.392207,eMBB,5.416
41.404631,uRLLC,1.774
41.411398,uRLLC,0.869
41.419329,mMTC,0.129
41.446478,mMTC,0.321
41.453631,eMBB,5.721
41.504437,uRLLC,1.869
41.550213,mMTC,0.211
41.558424,mMTC,0.445
41.559680,mMTC,0.107
41.592899,mMTC,0.307
41.616951,mMTC,0.160
41.617455,mMTC,0.366
41.654202,uRLLC,0.720
41.663853,mMTC,0.126
41.668197,mMTC,0.285
41.731203,uRLLC,1.273
41.767086,eMBB,14.402
41.786073,uRLLC,1.262
41.793650,uRLLC,1.285
41.858231,mMTC,0.194
41.866188,uRLLC,0.645
41.868177,mMTC,0.279
41.877528,uRLLC,1.691
41.882787,mMTC,0.291
41.916245,uRLLC,1.919
41.923907,eMBB,9.618
41.947139,eMBB,9.579
41.986015,uRLLC,1.835
42.004677,uRLLC,1.086
42.064837,mMTC,0.371
42.097599,mMTC,0.152
42.126913,eMBB,14.841
42.194321,eMBB,10.282
42.199167,eMBB,6.076
42.204729,eMBB,9.962
42.236567,uRLLC,1.519
42.247732,eMBB,13.154
42.249816,uRLLC,1.634
42.253947,mMTC,0.140
42.261539,mMTC,0.171
42.276015,mMTC,0.135
42.351330,mMTC,0.236
42.383776,eMBB,5.389
42.384758,eMBB,5.394
42.434009,eMBB,12.333
42.441167,eMBB,11.850
42.474333,mMTC,0.168
42.486822,uRLLC,1.931
42.488440,uRLLC,1.683
42.489659,mMTC,0.499
42.492475,eMBB,9.995
42.497111,uRLLC,0.972
42.530784,eMBB,6.035
42.543122,mMTC,0.202
42.552197,mMTC,0.242
42.585252,eMBB,7.396
42.585284,mMTC,0.425
42.587666,uRLLC,1.511
42.611827,mMTC,0.114
42.621197,uRLLC,1.918
42.631275,uRLLC,0.569
42.706452,mMTC,0.221
42.713344,mMTC,0.346
42.744727,mMTC,0.142
42.769904,mMTC,0.228
42.793794,uRLLC,1.701
42.807729,mMTC,0.207
42.842907,eMBB,9.521
42.875557,uRLLC,1.930
42.900474,mMTC,0.114
42.904076,uRLLC,0.725
42.915365,uRLLC,1.929
42.960435,mMTC,0.167
42.966896,uRLLC,1.265
42.984970,uRLLC,1.064
43.068828,uRLLC,1.079
43.125574,uRLLC,1.650
43.134902,uRLLC,1.329
43.153155,uRLLC,1.176
43.153838,uRLLC,0.878
43.175269,uRLLC,1.975
43.176654,uRLLC,0.841
43.206702,mMTC,0.425
43.219346,mMTC,0.337
43.220174,uRLLC,0.983
43.235020,eMBB,8.858
43.239243,eMBB,13.682
43.244029,uRLLC,1.492
43.245802,mMTC,0.452
43.275057,mMTC,0.302
43.290299,uRLLC,1.601
43.290924,mMTC,0.181
43.334734,uRLLC,1.213
43.358732,eMBB,6.304
43.359129,uRLLC,1.963
43.386439,mMTC,0.202
43.397125,uRLLC,1.591
43.411328,uRLLC,0.933
43.417514,mMTC,0.419
43.419395,mMTC,0.124
43.421817,mMTC,0.261
43.431357,mMTC,0.151
43.431778,mMTC,0.213
43.438475,uRLLC,0.697
43.465303,uRLLC,1.381
43.478892,mMTC,0.495
43.515064,uRLLC,1.562
43.535872,mMTC,0.115
43.551403,eMBB,11.973
43.578602,uRLLC,0.946
43.604511,eMBB,12.397
43.606128,eMBB,9.844
43.615338,eMBB,9.865
43.701902,eMBB,9.851
43.729254,mMTC,0.234
43.735510,mMTC,0.443
43.771910,mMTC,0.277
43.803562,uRLLC,1.060
43.803841,uRLLC,0.552
43.809280,mMTC,0.386
43.825067,mMTC,0.203
43.843208,uRLLC,1.678
43.846832,eMBB,8.365
43.899702,mMTC,0.416
43.929017,mMTC,0.166
43.937591,uRLLC,0.944
43.953704,mMTC,0.182
43.954755,mMTC,0.235
43.976855,mMTC,0.350
43.984680,uRLLC,0.520
44.005528,mMTC,0.460
44.037162,uRLLC,1.552
44.059961,uRLLC,0.786
44.081800,mMTC,0.465
44.092472,uRLLC,1.095
44.098010,uRLLC,0.644
44.132023,mMTC,0.141
44.156342,mMTC,0.386
44.290865,mMTC,0.349
44.312014,uRLLC,1.896
44.369675,uRLLC,0.652
44.390659,uRLLC,1.993
44.408983,eMBB,9.399
44.410109,eMBB,11.518
44.422063,uRLLC,1.686
44.438278,uRLLC,1.144
44.446485,uRLLC,1.138
44.449906,eMBB,6.989
44.451725,eMBB,7.410
44.503323,mMTC,0.145
44.535571,mMTC,0.384
44.545581,mMTC,0.366
44.554022,mMTC,0.256
44.559293,uRLLC,1.864
44.571682,mMTC,0.125
44.575815,uRLLC,1.005
44.641948,mMTC,0.171
44.647993,mMTC,0.258
44.665258,eMBB,10.587
44.678660,mMTC,0.328
44.702460,mMTC,0.471
44.715447,mMTC,0.490
44.768297,uRLLC,1.449
44.802973,mMTC,0.171
44.827492,mMTC,0.341
44.846758,uRLLC,1.469
44.856081,mMTC,0.463
44.881477,mMTC,0.241
44.882589,mMTC,0.481
44.894423,eMBB,13.156
44.905578,eMBB,9.127
44.912234,uRLLC,1.527
44.932837,mMTC,0.121
44.981231,uRLLC,0.875
45.020784,mMTC,0.297
45.027552,uRLLC,0.755
45.038985,mMTC,0.330
45.040482,eMBB,14.646
45.045719,uRLLC,1.293
45.051035,uRLLC,0.751
45.060165,eMBB,5.614
45.066045,uRLLC,0.914
45.151446,mMTC,0.111
45.225567,eMBB,5.761
45.293848,mMTC,0.396
45.301551,mMTC,0.311
45.310435,mMTC,0.273
45.313286,uRLLC,1.849
45.333451,mMTC,0.289
45.344736,mMTC,0.427
45.385049,eMBB,14.080
45.406499,mMTC,0.359
45.407409,mMTC,0.169
45.454059,mMTC,0.248
45.485248,mMTC,0.240
45.554171,uRLLC,0.875
45.578697,uRLLC,1.812
45.604425,mMTC,0.420
45.627883,uRLLC,1.818
45.637814,eMBB,8.639
45.638902,mMTC,0.318
45.644628,mMTC,0.102
45.680322,uRLLC,1.182
45.680645,mMTC,0.498
45.688314,mMTC,0.141
45.719398,uRLLC,1.367
45.728308,eMBB,7.654
45.747570,uRLLC,1.271
45.788996,uRLLC,0.503
45.815941,mMTC,0.302
45.832909,mMTC,0.418
45.839243,uRLLC,0.589
45.843320,uRLLC,0.828
45.851790,eMBB,14.514
45.929210,mMTC,0.474
45.945751,mMTC,0.331
45.971394,mMTC,0.250
45.992355,uRLLC,1.741
46.004750,mMTC,0.115
46.042331,eMBB,10.208
46.048914,mMTC,0.456
46.081851,uRLLC,1.534
46.082256,mMTC,0.428
46.107164,uRLLC,1.554
46.161332,mMTC,0.495
46.162384,eMBB,13.512
46.174988,mMTC,0.248
46.185516,mMTC,0.212
46.226812,eMBB,5.182
46.247452,uRLLC,1.866
46.307155,eMBB,13.823
46.318160,mMTC,0.353
46.323273,mMTC,0.123
46.334428,uRLLC,1.923
46.337465,mMTC,0.268
46.351133,mMTC,0.113
46.360034,mMTC,0.248
46.360487,mMTC,0.354
46.360548,eMBB,8.149
46.369934,mMTC,0.475
46.392902,mMTC,0.152
46.410756,mMTC,0.406
46.501207,uRLLC,1.539
46.518346,mMTC,0.393
46.534538,uRLLC,1.090
46.568605,uRLLC,0.715
46.584394,eMBB,8.609
46.584625,uRLLC,1.159
46.603931,mMTC,0.329
46.606181,mMTC,0.281
46.621619,mMTC,0.446
46.654794,eMBB,8.251
46.675654,eMBB,6.069
46.689556,mMTC,0.180
46.714475,mMTC,0.440
46.730150,mMTC,0.130
46.739091,uRLLC,1.640
46.739209,uRLLC,0.983
46.777300,mMTC,0.133
46.777815,uRLLC,0.977
46.817382,mMTC,0.325
46.871048,mMTC,0.105
46.892719,eMBB,6.122
46.915977,eMBB,5.432
46.924642,mMTC,0.432
46.927146,mMTC,0.327
47.008166,mMTC,0.150
47.022847,mMTC,0.447
47.036920,uRLLC,1.653
47.038335,mMTC,0.358
47.041589,eMBB,5.593
47.062519,eMBB,11.507
47.080448,mMTC,0.298
47.081525,mMTC,0.288
47.106696,eMBB,10.788
47.142499,eMBB,7.500
47.145686,uRLLC,1.980
47.178958,mMTC,0.283
47.256317,eMBB,10.059
47.269925,mMTC,0.469
47.275005,uRLLC,0.796
47.276426,uRLLC,1.821
47.344473,mMTC,0.264
47.354295,mMTC,0.207
47.356255,uRLLC,1.385
47.483995,mMTC,0.475
47.485236,mMTC,0.135
47.519329,mMTC,0.290
47.549815,uRLLC,1.721
47.550120,uRLLC,1.976
47.551198,eMBB,10.696
47.577649,mMTC,0.222
47.610729,uRLLC,1.855
47.612268,mMTC,0.474
47.629635,mMTC,0.398
47.643822,mMTC,0.333
47.654135,mMTC,0.280
47.674902,uRLLC,1.264
47.700693,mMTC,0.174
47.759562,uRLLC,1.454
47.780238,uRLLC,1.043
47.784777,uRLLC,1.677
47.809844,uRLLC,1.512
47.831520,mMTC,0.332
47.833633,eMBB,5.986
47.900513,eMBB,14.328
47.953830,uRLLC,1.847
48.010499,eMBB,13.991
48.022259,eMBB,10.668
48.078570,mMTC,0.207
48.160805,uRLLC,1.386
48.174819,mMTC,0.495
48.177433,uRLLC,1.362
48.205710,uRLLC,1.955
48.235297,mMTC,0.180
48.245740,mMTC,0.215
48.259227,mMTC,0.219
48.289798,uRLLC,1.240
48.327427,eMBB,11.243
48.363875,mMTC,0.413
48.369043,mMTC,0.440
48.377647,mMTC,0.158
48.397563,mMTC,0.225
48.409782,uRLLC,1.007
48.413450,mMTC,0.104
48.429029,mMTC,0.298
48.508225,mMTC,0.133
48.537148,mMTC,0.176
48.544646,uRLLC,1.805
48.555323,eMBB,6.468
48.586623,uRLLC,1.578
48.587236,mMTC,0.411
48.595563,eMBB,8.116
48.619287,uRLLC,1.483
48.669325,uRLLC,1.645
48.671588,uRLLC,0.573
48.675131,mMTC,0.383
48.682588,eMBB,7.694
48.691927,eMBB,10.470
48.736386,eMBB,6.737
48.785668,mMTC,0.492
48.788327,mMTC,0.393
48.792747,uRLLC,0.583
48.832067,uRLLC,1.450
48.866635,mMTC,0.426
48.895440,mMTC,0.122
48.923511,uRLLC,1.516
48.973482,uRLLC,1.428
48.989328,uRLLC,1.339
49.014496,eMBB,11.104
49.027522,mMTC,0.266
49.048732,mMTC,0.367
49.078404,eMBB,14.336
49.113590,uRLLC,0.901
49.127901,eMBB,11.299
49.130064,mMTC,0.246
49.137327,mMTC,0.261
49.157230,uRLLC,1.629
49.200673,eMBB,14.857
49.218875,mMTC,0.244
49.219899,uRLLC,1.764
49.274909,mMTC,0.398
49.319153,mMTC,0.354
49.329735,uRLLC,0.788
49.345550,eMBB,13.573
49.363949,mMTC,0.126
49.371399,mMTC,0.459
49.376728,mMTC,0.177
49.403758,uRLLC,1.199
49.406254,eMBB,11.010
49.449906,uRLLC,0.930
49.464405,mMTC,0.218
49.491190,mMTC,0.445
49.515131,uRLLC,0.689
49.520228,eMBB,14.777
49.528754,uRLLC,1.407
49.529190,mMTC,0.268
49.537384,eMBB,5.683
49.581122,eMBB,7.497
49.623308,uRLLC,0.672
49.630374,eMBB,7.759
49.639275,uRLLC,1.939
49.665003,uRLLC,1.341
49.666344,mMTC,0.162
49.721426,eMBB,6.470
49.761649,mMTC,0.169
49.785140,mMTC,0.155
49.786510,uRLLC,0.960
49.860504,mMTC,0.290
49.878905,eMBB,6.874
49.884439,eMBB,9.140
49.894412,mMTC,0.289
49.914064,mMTC,0.107
49.917196,uRLLC,1.726
49.928538,uRLLC,1.501
50.008787,eMBB,6.629
50.013689,uRLLC,1.473
50.050112,mMTC,0.235
50.050957,mMTC,0.112
50.051030,mMTC,0.226
50.068139,mMTC,0.321
50.068786,mMTC,0.381
50.073586,mMTC,0.437
50.076957,mMTC,0.327
50.078987,mMTC,0.419
50.079972,mMTC,0.214
50.081857,mMTC,0.145
50.082445,mMTC,0.254
50.082649,mMTC,0.369
50.086896,mMTC,0.139
50.089450,mMTC,0.240
50.089962,mMTC,0.443
50.093318,mMTC,0.208
50.094860,mMTC,0.492
50.095119,mMTC,0.413
50.116159,mMTC,0.298
50.147172,mMTC,0.389
50.187851,mMTC,0.443
50.196684,uRLLC,1.719
50.214142,mMTC,0.202
50.214726,eMBB,6.644
50.222501,uRLLC,0.600
50.240787,eMBB,6.826
50.251321,mMTC,0.427
50.254004,mMTC,0.449
50.276977,mMTC,0.229
50.359264,uRLLC,1.331
50.424103,uRLLC,0.926
50.454444,uRLLC,1.498
50.459042,uRLLC,1.151
50.478739,uRLLC,1.278
50.482360,mMTC,0.154
50.604799,uRLLC,1.051
50.619711,mMTC,0.399
50.624154,uRLLC,1.620
50.641192,mMTC,0.242
50.646604,uRLLC,0.943
50.669264,uRLLC,1.867
50.725670,mMTC,0.306
50.742831,uRLLC,0.689
50.751377,uRLLC,0.957
50.839285,eMBB,13.037
50.856049,mMTC,0.389
50.861455,uRLLC,0.985
50.868364,mMTC,0.492
50.951623,uRLLC,1.524
50.970448,mMTC,0.341
50.978392,uRLLC,0.954
50.990236,uRLLC,0.786
51.000951,uRLLC,1.629
51.065759,eMBB,12.199
51.128943,mMTC,0.198
51.141401,uRLLC,1.279
51.170752,uRLLC,0.761
51.191448,uRLLC,1.565
51.194852,uRLLC,1.219
51.208289,uRLLC,1.755
51.269436,eMBB,14.937
51.271821,uRLLC,1.677
51.294146,uRLLC,1.726
51.316924,mMTC,0.223
51.345684,uRLLC,1.495
51.408998,uRLLC,0.752
51.422929,mMTC,0.230
51.452129,uRLLC,1.602
51.457112,uRLLC,1.611
51.477794,eMBB,11.542
51.512995,uRLLC,1.543
51.515662,mMTC,0.433
51.538647,mMTC,0.203
51.540045,eMBB,11.832
51.544561,mMTC,0.372
51.559252,uRLLC,1.491
51.565612,mMTC,0.416
51.570031,uRLLC,1.198
51.580144,mMTC,0.218
51.584359,mMTC,0.182
51.584851,mMTC,0.146
51.599545,uRLLC,1.282
51.646112,mMTC,0.369
51.674697,uRLLC,1.217
51.713800,uRLLC,1.120
51.737465,uRLLC,1.900
51.753412,uRLLC,1.774
51.761268,mMTC,0.138
51.768590,mMTC,0.153
51.809712,uRLLC,1.469
51.821190,mMTC,0.292
51.882300,mMTC,0.231
51.896756,mMTC,0.275
51.911652,eMBB,12.050
51.920784,uRLLC,0.882
51.924946,mMTC,0.473
51.974886,eMBB,5.618
52.029382,uRLLC,0.622
52.035271,mMTC,0.285
52.045140,uRLLC,0.786
52.048895,mMTC,0.222
52.061472,uRLLC,1.780
52.079771,mMTC,0.364
52.171409,eMBB,13.502
52.174863,mMTC,0.492
52.179120,uRLLC,1.060
52.190319,mMTC,0.243
52.193725,mMTC,0.213
52.198098,uRLLC,0.739
52.200135,mMTC,0.238
52.246116,uRLLC,1.469
52.271605,uRLLC,0.667
52.279174,uRLLC,0.866
52.329467,mMTC,0.321
52.330654,mMTC,0.346
52.407450,eMBB,6.755
52.409654,uRLLC,1.134
52.412562,uRLLC,1.685
52.413379,uRLLC,1.818
52.453678,mMTC,0.193
52.466974,uRLLC,1.613
52.470818,eMBB,9.405
52.483277,uRLLC,0.672
52.493137,mMTC,0.222
52.510842,uRLLC,1.521
52.523849,mMTC,0.124
52.543694,eMBB,12.231
52.548468,mMTC,0.297
52.562915,uRLLC,0.916
52.742869,mMTC,0.415
52.772612,uRLLC,1.447
52.831634,uRLLC,1.543
52.839961,uRLLC,1.756
52.857220,uRLLC,0.614
52.881962,eMBB,7.573
52.883926,uRLLC,0.931
52.891999,uRLLC,1.547
52.923483,mMTC,0.444
52.944260,eMBB,5.214
52.945880,mMTC,0.198
52.946200,uRLLC,1.989
52.954247,uRLLC,0.584
53.123449,mMTC,0.184
53.150069,eMBB,6.241
53.190975,uRLLC,0.590
53.202543,mMTC,0.184
53.227455,uRLLC,1.670
53.242255,uRLLC,0.531
53.282066,uRLLC,1.776
53.291797,eMBB,11.027
53.311572,uRLLC,1.014
53.328408,uRLLC,1.717
53.335394,eMBB,12.526
53.336321,mMTC,0.291
53.346401,uRLLC,1.404
53.358918,mMTC,0.418
53.369797,uRLLC,1.003
53.400617,uRLLC,1.857
53.447789,eMBB,5.579
53.447884,mMTC,0.368
53.492237,uRLLC,0.516
53.518484,uRLLC,1.500
53.530633,mMTC,0.465
53.546166,uRLLC,1.813
53.575785,eMBB,6.765
53.575903,mMTC,0.268
53.607573,uRLLC,1.062
53.629328,mMTC,0.334
53.630594,eMBB,7.605
53.640978,mMTC,0.119
53.672913,uRLLC,0.956
53.700789,uRLLC,0.942
53.716583,eMBB,8.463
53.723555,uRLLC,1.298
53.787421,uRLLC,1.282
53.791728,eMBB,9.026
53.796236,mMTC,0.439
53.817322,eMBB,9.909
53.818729,mMTC,0.160
53.859112,uRLLC,0.913
53.878157,mMTC,0.421
53.900869,eMBB,11.502
53.966787,mMTC,0.405
53.970986,mMTC,0.281
54.005024,uRLLC,0.870
54.005587,mMTC,0.126
54.022004,uRLLC,1.173
54.031668,uRLLC,1.940
54.048065,uRLLC,1.520
54.097031,eMBB,11.853
54.109193,mMTC,0.450
54.151001,uRLLC,1.163
54.162239,uRLLC,0.804
54.205868,mMTC,0.353
54.207518,mMTC,0.233
54.244934,mMTC,0.322
54.275818,mMTC,0.243
54.356670,mMTC,0.252
54.388258,mMTC,0.335
54.399677,uRLLC,0.871
54.435105,mMTC,0.156
54.447667,mMTC,0.198
54.461906,eMBB,13.135
54.474015,mMTC,0.341
54.476255,mMTC,0.381
54.490599,uRLLC,1.229
54.499745,mMTC,0.360
54.505504,eMBB,5.511
54.517939,uRLLC,1.182
54.537771,eMBB,8.219
54.549779,uRLLC,1.524
54.550088,eMBB,7.978
54.582753,mMTC,0.337
54.587195,mMTC,0.167
54.612620,mMTC,0.475
54.647661,mMTC,0.328
54.650759,mMTC,0.271
54.678011,uRLLC,1.477
54.706375,mMTC,0.330
54.728963,uRLLC,1.691
54.757148,mMTC,0.401
54.772178,eMBB,5.743
54.794580,uRLLC,1.923
54.834366,mMTC,0.315
54.865927,mMTC,0.242
54.878234,mMTC,0.269
54.891548,mMTC,0.258
54.901431,mMTC,0.440
54.912608,eMBB,5.444
54.917776,eMBB,7.026
54.937474,mMTC,0.218
54.951097,mMTC,0.104
54.953326,eMBB,10.708
54.978616,mMTC,0.116
55.032044,mMTC,0.374
55.079660,uRLLC,1.954
55.081750,mMTC,0.193
55.096449,mMTC,0.282
55.110464,uRLLC,1.159
55.116862,mMTC,0.234
55.121244,eMBB,7.030
55.139318,mMTC,0.291
55.141467,uRLLC,1.379
55.142347,uRLLC,0.693
55.172425,mMTC,0.424
55.189469,uRLLC,1.407
55.190277,mMTC,0.386
55.208416,mMTC,0.175
55.218326,uRLLC,0.577
55.220252,uRLLC,0.791
55.227554,mMTC,0.234
55.244384,mMTC,0.353
55.249226,uRLLC,1.468
55.286501,uRLLC,1.647
55.300950,uRLLC,1.599
55.305237,mMTC,0.146
55.325406,mMTC,0.304
55.351489,uRLLC,1.171
55.354986,uRLLC,1.613
55.359600,mMTC,0.246
55.389058,mMTC,0.463
55.405476,mMTC,0.409
55.442853,uRLLC,1.055
55.450272,mMTC,0.342
55.451246,mMTC,0.435
55.453778,eMBB,11.739
55.464445,mMTC,0.471
55.497070,mMTC,0.417
55.515304,uRLLC,1.682
55.558824,mMTC,0.103
55.589380,uRLLC,1.819
55.609485,eMBB,5.159
55.648973,mMTC,0.148
55.678160,eMBB,9.742
55.686708,mMTC,0.283
55.689792,uRLLC,0.672
55.702282,uRLLC,1.611
55.711975,uRLLC,1.524
55.818042,mMTC,0.296
55.819650,uRLLC,1.885
55.826636,mMTC,0.234
55.828561,mMTC,0.117
55.831835,mMTC,0.377
55.838722,uRLLC,0.509
55.854413,uRLLC,0.603
55.880355,mMTC,0.102
55.883936,mMTC,0.289
55.886117,uRLLC,1.531
55.889528,eMBB,10.614
55.982265,uRLLC,1.079
55.997628,uRLLC,1.195
56.011795,mMTC,0.362
56.046386,eMBB,9.075
56.059200,mMTC,0.117
56.062833,uRLLC,1.677
56.066138,uRLLC,1.445
56.066525,mMTC,0.199
56.068436,uRLLC,1.080
56.074186,uRLLC,1.154
56.080418,eMBB,5.478
56.085105,mMTC,0.469
56.098476,eMBB,13.212
56.126822,mMTC,0.154
56.130754,eMBB,6.943
56.138012,mMTC,0.260
56.145044,uRLLC,1.666
56.161773,mMTC,0.302
56.207357,mMTC,0.437
56.219126,uRLLC,1.813
56.271957,mMTC,0.453
56.295145,mMTC,0.346
56.312624,mMTC,0.130
56.349706,uRLLC,0.999
56.377280,mMTC,0.214
56.402388,uRLLC,1.027
56.501101,uRLLC,1.706
56.541199,uRLLC,0.924
56.543008,eMBB,7.354
56.550155,uRLLC,1.957
56.550278,mMTC,0.217
56.571458,mMTC,0.306
56.579531,mMTC,0.470
56.596991,uRLLC,1.247
56.644079,mMTC,0.230
56.645693,uRLLC,1.526
56.676879,mMTC,0.256
56.708107,mMTC,0.106
56.715233,uRLLC,1.977
56.729652,mMTC,0.201
56.748812,uRLLC,0.630
56.759123,mMTC,0.333
56.792142,uRLLC,0.978
56.792392,eMBB,13.982
56.801614,uRLLC,1.379
56.804715,mMTC,0.143
56.836445,uRLLC,1.358
56.843940,uRLLC,1.977
56.856464,uRLLC,1.122
56.862824,mMTC,0.335
56.872950,mMTC,0.445
56.876321,uRLLC,1.827
56.900114,mMTC,0.482
56.903968,uRLLC,1.290
56.929248,mMTC,0.362
56.931802,uRLLC,1.381
56.936912,uRLLC,0.899
56.982635,mMTC,0.166
56.983790,uRLLC,0.978
57.008905,uRLLC,1.089
57.020587,uRLLC,1.585
57.021777,mMTC,0.277
57.041657,mMTC,0.128
57.079540,eMBB,6.975
57.125341,uRLLC,1.614
57.140288,uRLLC,0.532
57.196312,mMTC,0.363
57.199891,uRLLC,1.041
57.205881,mMTC,0.317
57.222665,mMTC,0.499
57.232400,mMTC,0.441
57.277405,mMTC,0.128
57.299937,mMTC,0.206
57.312777,uRLLC,1.679
57.317146,mMTC,0.486
57.322352,mMTC,0.413
57.344475,eMBB,11.551
57.369609,uRLLC,1.826
57.374395,uRLLC,0.906
57.382065,mMTC,0.360
57.402495,eMBB,12.644
57.405555,eMBB,11.949
57.410286,uRLLC,1.196
57.411799,mMTC,0.399
57.414948,mMTC,0.377
57.415802,uRLLC,0.667
57.433668,mMTC,0.159
57.442605,mMTC,0.121
57.474860,uRLLC,0.535
57.593262,uRLLC,1.730
57.601912,mMTC,0.262
57.663639,uRLLC,0.784
57.717820,uRLLC,1.092
57.760490,mMTC,0.115
57.834806,uRLLC,1.980
57.842278,mMTC,0.186
57.852284,mMTC,0.164
57.875017,eMBB,10.556
57.884974,uRLLC,1.107
57.922270,mMTC,0.243
58.011648,mMTC,0.232
58.053181,uRLLC,1.328
58.106816,mMTC,0.368
58.115135,uRLLC,1.546
58.148645,mMTC,0.490
58.168612,uRLLC,0.898
58.204351,uRLLC,1.057
58.210425,mMTC,0.251
58.335092,mMTC,0.396
58.361487,mMTC,0.297
58.390825,eMBB,12.612
58.415384,mMTC,0.218
58.463456,mMTC,0.325
58.509351,eMBB,5.804
58.510392,uRLLC,0.844
58.530039,uRLLC,1.993
58.548410,mMTC,0.116
58.555204,uRLLC,1.777
58.566611,eMBB,5.519
58.605997,mMTC,0.366
58.624011,mMTC,0.421
58.668592,mMTC,0.160
58.692914,uRLLC,1.110
58.694322,uRLLC,1.009
58.706649,mMTC,0.210
58.767855,mMTC,0.201
58.777286,mMTC,0.158
58.793531,eMBB,8.348
58.806698,mMTC,0.352
58.812877,uRLLC,0.506
58.858411,uRLLC,1.755
58.861487,uRLLC,1.184
58.891193,eMBB,12.421
58.916309,mMTC,0.384
58.944418,mMTC,0.462
58.946591,eMBB,8.449
58.969729,eMBB,9.318
59.052523,mMTC,0.184
59.056602,mMTC,0.161
59.156603,uRLLC,0.554
59.209585,mMTC,0.131
59.295607,mMTC,0.280
59.315903,mMTC,0.143
59.337416,mMTC,0.158
59.362991,uRLLC,0.944
59.432605,uRLLC,0.948
59.434533,uRLLC,0.734
59.458813,mMTC,0.295
59.509704,mMTC,0.416
59.522493,uRLLC,1.160
59.526783,eMBB,12.630
59.529567,uRLLC,0.676
59.577646,mMTC,0.437
59.591153,uRLLC,1.910
59.594264,uRLLC,1.723
59.595952,mMTC,0.171
59.650782,eMBB,10.507
59.687776,mMTC,0.363
59.704055,uRLLC,1.318
59.712056,mMTC,0.122
59.744272,uRLLC,0.814
59.757584,uRLLC,0.554
59.800430,uRLLC,1.760
59.834709,uRLLC,1.648
59.835974,uRLLC,0.941
59.847781,uRLLC,1.517
59.950928,uRLLC,1.881
59.989962,eMBB,9.947
60.010939,mMTC,0.261
60.011598,mMTC,0.148
60.014256,uRLLC,1.320
60.016204,mMTC,0.473
60.016729,eMBB,6.633
60.017506,mMTC,0.192
60.018623,mMTC,0.445
60.018923,mMTC,0.453
60.020935,uRLLC,1.064
60.021314,mMTC,0.498
60.026252,uRLLC,1.562
60.026751,mMTC,0.228
60.034281,mMTC,0.341
60.051293,mMTC,0.371
60.060356,mMTC,0.392
60.060651,mMTC,0.110
60.065543,eMBB,6.069
60.068180,mMTC,0.259
60.074901,mMTC,0.494
60.075858,mMTC,0.482
60.078798,mMTC,0.204
60.083408,mMTC,0.475
60.093002,mMTC,0.114
60.093347,mMTC,0.396
60.093627,mMTC,0.278
60.097838,mMTC,0.369
60.099510,mMTC,0.281
60.103434,mMTC,0.376
60.132044,eMBB,13.044
60.148119,mMTC,0.196
60.178844,uRLLC,0.687
60.222283,mMTC,0.141
60.237948,mMTC,0.339
60.271145,mMTC,0.415
60.279873,mMTC,0.321
60.289539,eMBB,9.320
60.379211,mMTC,0.359
60.392209,mMTC,0.130
60.402207,uRLLC,1.933
60.471045,mMTC,0.306
60.500919,mMTC,0.162
60.506105,mMTC,0.385
60.513174,mMTC,0.488
60.545775,mMTC,0.205
60.560081,mMTC,0.447
60.600236,uRLLC,1.543
60.656593,uRLLC,0.724
60.661698,mMTC,0.436
60.672308,mMTC,0.267
60.700095,eMBB,6.741
60.703104,eMBB,6.567
60.708664,uRLLC,0.922
60.708846,uRLLC,1.388
60.711868,uRLLC,1.214
60.739251,uRLLC,1.720
60.781038,mMTC,0.260
60.784625,mMTC,0.287
60.793334,uRLLC,1.450
60.827952,uRLLC,1.383
60.837601,mMTC,0.325
60.841426,uRLLC,0.507
60.946492,eMBB,13.236
60.953385,eMBB,5.252
60.989184,mMTC,0.138
61.009351,mMTC,0.269
61.020648,uRLLC,0.847
61.053632,uRLLC,1.672
61.053762,eMBB,5.907
61.063431,uRLLC,1.880
61.063964,mMTC,0.459
61.070948,eMBB,14.379
61.080939,eMBB,10.555
61.112456,mMTC,0.272
61.115556,mMTC,0.204
61.151289,uRLLC,0.982
61.196518,mMTC,0.368
61.220648,mMTC,0.192
61.321879,uRLLC,1.055
61.340363,uRLLC,0.699
61.350928,mMTC,0.137
61.360234,uRLLC,1.904
61.365098,eMBB,10.729
61.373351,uRLLC,0.813
61.384092,eMBB,8.400
61.438489,uRLLC,0.688
61.517527,eMBB,11.203
61.524007,eMBB,11.273
61.556658,uRLLC,1.899
61.597082,mMTC,0.337
61.599869,mMTC,0.360
61.634887,uRLLC,1.340
61.637343,uRLLC,1.542
61.647457,mMTC,0.333
61.713012,eMBB,5.495
61.743402,uRLLC,0.861
61.746747,mMTC,0.216
61.757085,eMBB,12.850
61.873861,uRLLC,0.918
61.896759,mMTC,0.165
61.929724,eMBB,7.704
61.954177,uRLLC,1.475
61.957565,uRLLC,0.520
61.969932,mMTC,0.472
61.986000,uRLLC,1.593
62.013252,uRLLC,1.524
62.015646,mMTC,0.305
62.031744,uRLLC,1.621
62.050167,mMTC,0.494
62.050715,mMTC,0.122
62.061796,mMTC,0.245
62.067060,mMTC,0.332
62.071790,eMBB,14.697
62.104696,mMTC,0.485
62.112168,mMTC,0.265
62.135515,uRLLC,1.800
62.164436,mMTC,0.495
62.169747,uRLLC,0.841
62.202518,eMBB,7.892
62.222285,eMBB,5.476
62.257058,mMTC,0.333
62.260576,uRLLC,1.513
62.272616,mMTC,0.406
62.306756,uRLLC,1.088
62.366005,mMTC,0.198
62.382678,mMTC,0.350
62.420303,uRLLC,0.920
62.428408,uRLLC,0.834
62.432320,eMBB,13.498
62.444530,mMTC,0.350
62.456854,uRLLC,0.825
62.469508,mMTC,0.171
62.535071,mMTC,0.105
62.554599,mMTC,0.297
62.563893,uRLLC,1.208
62.589100,mMTC,0.314
62.596332,uRLLC,1.549
62.596611,uRLLC,0.515
62.599297,eMBB,5.986
62.676669,uRLLC,1.033
62.721388,uRLLC,1.603
62.743163,mMTC,0.310
62.758664,mMTC,0.237
62.796909,mMTC,0.223
62.820326,mMTC,0.299
62.850966,mMTC,0.284
62.865907,uRLLC,0.838
62.870590,uRLLC,1.763
62.903565,eMBB,9.701
62.930521,mMTC,0.116
62.933424,uRLLC,0.826
62.945889,eMBB,7.070
62.983286,uRLLC,1.572
63.016062,eMBB,9.057
63.030218,eMBB,11.135
63.056509,uRLLC,0.725
63.059009,uRLLC,1.940
63.087237,uRLLC,1.682
63.088582,mMTC,0.291
63.102255,mMTC,0.129
63.123291,eMBB,14.183
63.137239,mMTC,0.375
63.140668,uRLLC,0.733
63.147327,eMBB,11.346
63.172302,uRLLC,1.421
63.180111,uRLLC,1.815
63.216469,uRLLC,1.043
63.238829,uRLLC,1.829
63.256916,eMBB,10.562
63.283103,uRLLC,1.452
63.286409,mMTC,0.298
63.286798,mMTC,0.291
63.289167,uRLLC,1.396
63.317375,uRLLC,0.900
63.335762,mMTC,0.174
63.336863,eMBB,14.872
63.338096,mMTC,0.464
63.344378,mMTC,0.346
63.363203,mMTC,0.463
63.378500,mMTC,0.347
63.383421,mMTC,0.144
63.385191,mMTC,0.263
63.483799,mMTC,0.344
63.508732,eMBB,7.088
63.517298,uRLLC,1.499
63.532458,mMTC,0.453
63.533972,mMTC,0.456
63.547720,uRLLC,1.025
63.564129,mMTC,0.258
63.573272,mMTC,0.353
63.613053,mMTC,0.479
63.618316,uRLLC,1.720
63.650277,mMTC,0.444
63.675963,eMBB,11.879
63.696239,mMTC,0.247
63.717034,mMTC,0.403
63.718650,uRLLC,0.836
63.719238,mMTC,0.195
63.719255,eMBB,11.459
63.724427,mMTC,0.118
63.818373,eMBB,5.883
63.831977,mMTC,0.308
63.853650,uRLLC,0.949
63.871366,uRLLC,0.576
63.900699,uRLLC,0.870
63.924932,eMBB,6.917
63.939838,mMTC,0.323
63.976459,mMTC,0.358
63.982329,mMTC,0.236
63.999497,uRLLC,0.870
64.006362,mMTC,0.262
64.017257,mMTC,0.447
64.037670,mMTC,0.149
64.041555,mMTC,0.420
64.079407,mMTC,0.456
64.097343,mMTC,0.217
64.141829,eMBB,5.911
64.176851,uRLLC,1.929
64.178000,uRLLC,1.589
64.232720,mMTC,0.276
64.236012,eMBB,12.494
64.249101,uRLLC,1.009
64.250075,uRLLC,1.429
64.253952,mMTC,0.111
64.268083,mMTC,0.492
64.300685,uRLLC,1.673
64.311632,mMTC,0.451
64.395968,uRLLC,1.170
64.454580,uRLLC,1.234
64.469956,uRLLC,0.588
64.486860,uRLLC,0.573
64.489230,eMBB,12.778
64.514121,mMTC,0.371
64.518198,mMTC,0.500
64.538829,uRLLC,1.080
64.548536,mMTC,0.379
64.580439,mMTC,0.242
64.621872,uRLLC,1.423
64.648827,mMTC,0.411
64.688746,mMTC,0.298
64.690787,mMTC,0.497
64.750541,eMBB,14.753
64.769899,uRLLC,1.455
64.809155,uRLLC,0.868
64.855327,mMTC,0.139
64.885150,uRLLC,1.109
64.892700,eMBB,14.931
64.909521,mMTC,0.474
64.921032,uRLLC,1.409
64.944074,mMTC,0.300
64.963750,uRLLC,1.996
64.965474,mMTC,0.358
65.000254,mMTC,0.257
65.018630,uRLLC,0.967
65.046057,uRLLC,1.730
65.063854,mMTC,0.219
65.068195,eMBB,12.751
65.131319,uRLLC,1.988
65.187252,eMBB,8.499
65.227813,mMTC,0.255
65.231885,mMTC,0.465
65.252792,eMBB,13.938
65.258151,uRLLC,1.324
65.286371,uRLLC,0.662
65.289390,mMTC,0.482
65.307436,uRLLC,0.811
65.324046,eMBB,13.147
65.360201,mMTC,0.224
65.378359,eMBB,8.389
65.399743,mMTC,0.356
65.411806,uRLLC,1.556
65.411967,uRLLC,1.963
65.457046,mMTC,0.457
65.472288,eMBB,12.846
65.515419,uRLLC,0.598
65.519378,mMTC,0.365
65.540864,eMBB,10.861
65.568265,eMBB,6.002
65.572309,mMTC,0.204
65.615043,mMTC,0.134
65.682944,eMBB,10.432
65.707791,mMTC,0.197
65.727833,eMBB,7.289
65.751371,mMTC,0.308
65.751416,uRLLC,1.473
65.762293,eMBB,11.620
65.767154,uRLLC,1.494
65.779665,mMTC,0.186
65.804382,mMTC,0.155
65.822398,mMTC,0.122
65.825341,mMTC,0.243
65.836553,mMTC,0.162
65.842029,uRLLC,1.332
65.851167,mMTC,0.472
65.856922,mMTC,0.124
65.871741,mMTC,0.452
65.930380,mMTC,0.383
65.939210,eMBB,8.554
65.962535,eMBB,14.628
65.967024,eMBB,5.452
65.979630,uRLLC,0.599
65.992750,uRLLC,0.688
66.018427,mMTC,0.373
66.020372,eMBB,14.137
66.035965,eMBB,12.473
66.051517,uRLLC,1.203
66.052464,eMBB,12.589
66.069204,uRLLC,1.479
66.085046,mMTC,0.267
66.088170,mMTC,0.142
66.106831,mMTC,0.138
66.119419,eMBB,14.856
66.152241,eMBB,9.280
66.153111,mMTC,0.122
66.188686,mMTC,0.374
66.199320,mMTC,0.394
66.216154,uRLLC,1.465
66.254038,eMBB,8.736
66.256614,eMBB,10.153
66.324036,uRLLC,1.624
66.326770,uRLLC,1.269
66.357991,mMTC,0.238
66.367679,uRLLC,1.540
66.378693,mMTC,0.326
66.379263,mMTC,0.130
66.385458,mMTC,0.335
66.395661,mMTC,0.388
66.416100,uRLLC,1.020
66.419741,mMTC,0.383
66.461423,uRLLC,1.894
66.483743,uRLLC,1.033
66.489813,uRLLC,0.805
66.506353,mMTC,0.314
66.515604,eMBB,6.697
66.547882,mMTC,0.225
66.584183,uRLLC,1.175
66.614297,uRLLC,0.778
66.623125,eMBB,11.838
66.627997,mMTC,0.429
66.651730,uRLLC,1.288
66.689044,uRLLC,0.968
66.697891,mMTC,0.150
66.716344,uRLLC,0.610
66.736534,mMTC,0.260
66.742236,uRLLC,1.051
66.746704,uRLLC,1.367
66.759385,mMTC,0.431
66.789104,uRLLC,1.694
66.819656,eMBB,11.595
66.868634,uRLLC,0.569
66.875559,mMTC,0.153
66.877284,mMTC,0.330
66.907554,mMTC,0.341
66.936979,mMTC,0.218
66.968952,uRLLC,1.794
66.992362,mMTC,0.142
67.008192,uRLLC,1.947
67.020226,mMTC,0.192
67.054272,mMTC,0.166
67.057249,uRLLC,1.111
67.064960,uRLLC,1.582
67.084947,mMTC,0.459
67.102747,uRLLC,1.737
67.132769,mMTC,0.451
67.164900,eMBB,7.164
67.218212,uRLLC,1.195
67.218380,mMTC,0.252
67.233934,mMTC,0.113
67.237544,mMTC,0.215
67.276357,eMBB,11.475
67.277751,uRLLC,1.345
67.376747,mMTC,0.153
67.383889,eMBB,6.666
67.424484,mMTC,0.275
67.449793,uRLLC,0.503
67.469435,eMBB,12.013
67.474053,eMBB,9.474
67.477667,uRLLC,1.212
67.501292,mMTC,0.205
67.509081,mMTC,0.270
67.520375,uRLLC,1.127
67.552152,mMTC,0.221
67.552566,uRLLC,1.480
67.560249,eMBB,6.659
67.562279,uRLLC,1.449
67.580220,uRLLC,1.025
67.581560,mMTC,0.274
67.587603,uRLLC,1.325
67.601643,uRLLC,1.128
67.627304,mMTC,0.104
67.660152,uRLLC,1.816
67.734760,mMTC,0.375
67.763674,mMTC,0.313
67.769481,mMTC,0.253
67.783320,mMTC,0.474
67.795167,uRLLC,0.670
67.811458,uRLLC,1.992
67.852051,mMTC,0.437
67.854128,eMBB,6.632
67.963115,eMBB,5.757
67.993533,mMTC,0.315
67.996614,mMTC,0.229
67.996808,mMTC,0.289
68.002618,eMBB,9.458
68.037233,mMTC,0.106
68.058536,mMTC,0.228
68.061165,mMTC,0.367
68.089723,mMTC,0.188
68.104526,uRLLC,1.034
68.122321,uRLLC,1.809
68.126989,eMBB,14.858
68.136549,mMTC,0.191
68.174665,uRLLC,1.367
68.184682,eMBB,14.661
68.244131,uRLLC,0.586
68.251130,mMTC,0.106
68.253203,uRLLC,1.106
68.287618,mMTC,0.244
68.316696,uRLLC,1.255
68.369441,mMTC,0.140
68.446233,mMTC,0.480
68.462201,uRLLC,1.113
68.467914,mMTC,0.212
68.519567,mMTC,0.402
68.543032,mMTC,0.140
68.596509,mMTC,0.254
68.616065,mMTC,0.313
68.618315,eMBB,5.270
68.647936,mMTC,0.137
68.749404,uRLLC,0.915
68.785030,mMTC,0.451
68.848795,uRLLC,0.731
68.871755,mMTC,0.283
68.897419,eMBB,8.011
68.943474,mMTC,0.168
68.948749,mMTC,0.117
68.997590,uRLLC,1.055
69.009036,mMTC,0.328
69.030366,mMTC,0.385
69.062541,mMTC,0.311
69.065555,mMTC,0.176
69.105715,eMBB,10.487
69.114167,uRLLC,0.760
69.116736,uRLLC,1.592
69.117001,uRLLC,0.928
69.133454,uRLLC,1.208
69.137705,uRLLC,1.160
69.153793,uRLLC,1.117
69.178648,mMTC,0.296
69.182128,mMTC,0.101
69.184570,uRLLC,0.842
69.212911,mMTC,0.104
69.281990,mMTC,0.200
69.285652,mMTC,0.253
69.301586,mMTC,0.152
69.333619,mMTC,0.256
69.363628,uRLLC,0.508
69.365946,uRLLC,1.512
69.371862,mMTC,0.408
69.382054,uRLLC,0.508
69.394835,eMBB,10.428
69.407067,mMTC,0.276
69.418038,mMTC,0.182
69.427766,mMTC,0.232
69.440862,mMTC,0.399
69.491011,mMTC,0.431
69.509704,mMTC,0.210
69.510521,uRLLC,1.748
69.539208,mMTC,0.240
69.568082,mMTC,0.142
69.592019,eMBB,14.444
69.652219,uRLLC,1.483
69.739957,uRLLC,0.584
69.743529,uRLLC,1.216
69.752982,eMBB,11.175
69.773896,mMTC,0.474
69.784403,mMTC,0.330
69.809140,mMTC,0.201
69.809483,eMBB,12.211
69.816662,mMTC,0.443
69.817270,uRLLC,1.068
69.848714,mMTC,0.250
69.852125,eMBB,7.948
69.872545,uRLLC,1.509
69.906972,eMBB,8.840
69.931959,uRLLC,0.725
69.957384,mMTC,0.407
70.005067,uRLLC,2.000
70.015792,mMTC,0.442
70.021317,mMTC,0.476
70.030534,mMTC,0.147
70.043086,mMTC,0.355
70.048654,mMTC,0.362
70.050451,mMTC,0.104
70.054067,uRLLC,1.895
70.057618,mMTC,0.163
70.059215,mMTC,0.399
70.069782,mMTC,0.209
70.070817,mMTC,0.367
70.071351,mMTC,0.393
70.084459,mMTC,0.228
70.091646,mMTC,0.180
70.095369,mMTC,0.253
70.102319,mMTC,0.315
70.172411,mMTC,0.422
70.186952,mMTC,0.351
70.203322,eMBB,11.630
70.207138,mMTC,0.193
70.207878,mMTC,0.273
70.232999,uRLLC,1.912
70.266981,mMTC,0.137
70.301172,mMTC,0.286
70.309101,eMBB,12.244
70.341421,uRLLC,0.842
70.362948,mMTC,0.263
70.370623,uRLLC,1.273
70.372095,mMTC,0.287
70.373908,uRLLC,0.578
70.391770,mMTC,0.284
70.404816,mMTC,0.332
70.441320,eMBB,14.203
70.462686,mMTC,0.223
70.552933,mMTC,0.323
70.555465,mMTC,0.346
70.569680,uRLLC,0.692
70.583105,mMTC,0.498
70.611781,eMBB,8.857
70.627346,mMTC,0.243
70.638021,uRLLC,1.796
70.684091,uRLLC,1.626
70.746943,mMTC,0.427
70.763834,uRLLC,1.012
70.768939,uRLLC,0.530
70.772219,mMTC,0.441
70.773886,mMTC,0.414
70.808507,mMTC,0.107
70.817590,uRLLC,0.790
70.832970,mMTC,0.235
70.838967,mMTC,0.166
70.839411,mMTC,0.256
70.850778,uRLLC,1.245
70.859553,mMTC,0.304
70.905859,mMTC,0.390
70.914911,mMTC,0.300
70.959255,uRLLC,0.694
71.018485,mMTC,0.405
71.033046,mMTC,0.206
71.085545,uRLLC,1.982
71.095561,eMBB,11.319
71.126259,uRLLC,1.227
71.162913,mMTC,0.457
71.186249,mMTC,0.145
71.193169,eMBB,5.849
71.199147,uRLLC,1.143
71.229040,uRLLC,0.910
71.304979,mMTC,0.476
71.332029,uRLLC,1.126
71.341015,mMTC,0.237
71.348898,uRLLC,1.214
71.357812,mMTC,0.365
71.364800,mMTC,0.242
71.365484,uRLLC,1.895
71.404190,uRLLC,1.125
71.428701,uRLLC,1.365
71.441710,mMTC,0.322
71.465272,mMTC,0.347
71.472062,mMTC,0.108
71.478946,uRLLC,0.835
71.510413,mMTC,0.300
71.512315,uRLLC,0.814
71.533068,uRLLC,0.801
71.570837,uRLLC,0.903
71.570914,mMTC,0.290
71.574161,uRLLC,1.504
71.585616,eMBB,13.246
71.615881,eMBB,14.829
71.623583,mMTC,0.342
71.626779,eMBB,14.774
71.654885,eMBB,9.156
71.658290,eMBB,8.844
71.674311,uRLLC,1.472
71.723380,mMTC,0.492
71.754902,mMTC,0.288
71.795682,eMBB,14.460
71.854965,mMTC,0.180
71.856071,eMBB,6.435
71.860681,mMTC,0.399
71.879377,uRLLC,1.081
71.897601,mMTC,0.355
71.911065,mMTC,0.373
71.914544,eMBB,11.553
71.925894,mMTC,0.249
71.942302,eMBB,7.859
71.994758,eMBB,12.847
72.007676,mMTC,0.102
72.041525,mMTC,0.400
72.102299,eMBB,7.609
72.111085,mMTC,0.434
72.116607,uRLLC,0.770
72.126254,mMTC,0.198
72.146205,mMTC,0.365
72.155951,mMTC,0.451
72.158818,eMBB,7.675
72.179314,mMTC,0.190
72.235118,mMTC,0.494
72.245270,mMTC,0.297
72.358946,eMBB,10.751
72.397371,mMTC,0.292
72.434001,mMTC,0.303
72.437946,mMTC,0.114
72.490151,mMTC,0.251
72.518401,mMTC,0.152
72.528618,uRLLC,1.328
72.604230,mMTC,0.380
72.605768,mMTC,0.147
72.609285,uRLLC,1.483
72.613472,eMBB,6.938
72.615492,eMBB,5.017
72.633667,eMBB,8.853
72.659510,mMTC,0.201
72.660765,mMTC,0.242
72.674963,eMBB,7.221
72.737100,mMTC,0.331
72.768480,uRLLC,0.732
72.836721,eMBB,5.042
72.837341,mMTC,0.167
72.842776,uRLLC,0.946
72.872131,uRLLC,1.547
72.877220,uRLLC,0.962
72.914097,uRLLC,1.896
72.929350,eMBB,6.295
72.944196,mMTC,0.302
72.980452,mMTC,0.143
72.996707,mMTC,0.336
73.036611,mMTC,0.463
73.059714,uRLLC,0.859
73.068231,eMBB,12.351
73.069392,uRLLC,0.823
73.070675,mMTC,0.279
73.092641,mMTC,0.427
73.107720,eMBB,8.388
73.111735,mMTC,0.201
73.123039,eMBB,5.655
73.212949,eMBB,5.954
73.270168,mMTC,0.361
73.296279,eMBB,14.166
73.360109,mMTC,0.170
73.383357,mMTC,0.153
73.431848,mMTC,0.234
73.447579,uRLLC,1.836
73.458706,eMBB,11.290
73.490945,mMTC,0.212
73.506232,mMTC,0.417
73.538066,uRLLC,1.797
73.555742,mMTC,0.434
73.601668,mMTC,0.456
73.615327,eMBB,6.228
73.629251,eMBB,9.918
73.635238,uRLLC,1.821
73.680543,mMTC,0.170
73.694559,uRLLC,0.585
73.699899,mMTC,0.384
73.719382,mMTC,0.242
73.784833,mMTC,0.366
73.826774,mMTC,0.256
73.860834,eMBB,9.842
73.861518,mMTC,0.371
73.904964,eMBB,10.817
73.923892,mMTC,0.213
73.954487,mMTC,0.362
73.956251,uRLLC,1.487
73.957463,mMTC,0.271
74.028889,mMTC,0.262
74.031461,mMTC,0.123
74.073909,mMTC,0.451
74.136560,uRLLC,1.725
74.159232,mMTC,0.432
74.176805,uRLLC,1.035
74.189988,eMBB,10.662
74.202335,uRLLC,1.428
74.256410,uRLLC,1.313
74.301286,mMTC,0.346
74.320856,mMTC,0.284
74.365519,uRLLC,1.771
74.387429,eMBB,11.066
74.396877,uRLLC,0.549
74.442637,uRLLC,1.624
74.453298,mMTC,0.209
74.505096,mMTC,0.404
74.513676,mMTC,0.405
74.537220,eMBB,9.671
74.542942,uRLLC,1.948
74.550340,eMBB,10.672
74.621590,eMBB,13.984
74.654596,mMTC,0.281
74.698666,mMTC,0.457
74.714256,eMBB,13.061
74.765436,eMBB,10.528
74.769735,mMTC,0.364
74.785680,eMBB,11.497
74.788846,mMTC,0.189
74.831207,mMTC,0.303
74.883368,uRLLC,0.948
74.893040,eMBB,12.759
74.895204,uRLLC,1.239
74.953785,mMTC,0.476
74.975078,mMTC,0.205
75.011961,uRLLC,1.948
75.021097,uRLLC,0.543
75.053971,mMTC,0.115
75.093979,uRLLC,0.831
75.113457,mMTC,0.162
75.124082,uRLLC,0.966
75.125733,mMTC,0.320
75.140563,mMTC,0.415
75.144535,mMTC,0.416
75.156488,eMBB,14.031
75.227502,mMTC,0.248
75.242098,mMTC,0.190
75.245491,mMTC,0.246
75.270214,eMBB,9.648
75.279071,eMBB,8.220
75.288548,uRLLC,1.327
75.296782,mMTC,0.383
75.308091,eMBB,13.592
75.336651,eMBB,10.953
75.346783,mMTC,0.244
75.347909,mMTC,0.410
75.355916,uRLLC,1.715
75.366317,mMTC,0.309
75.382186,uRLLC,1.298
75.386645,uRLLC,1.181
75.428036,mMTC,0.245
75.506659,uRLLC,1.373
75.537369,mMTC,0.175
75.581712,mMTC,0.425
75.618679,uRLLC,1.665
75.633637,uRLLC,0.737
75.643387,eMBB,5.359
75.677280,eMBB,11.375
75.695236,uRLLC,0.652
75.695275,uRLLC,1.644
75.696864,uRLLC,1.749
75.710367,uRLLC,1.086
75.712636,eMBB,6.233
75.723472,mMTC,0.492
75.732818,eMBB,12.535
75.754863,uRLLC,0.564
75.780350,uRLLC,0.681
75.790912,mMTC,0.149
75.809431,uRLLC,1.815
75.895063,uRLLC,1.069
75.924339,mMTC,0.500
75.925721,eMBB,5.037
75.938415,mMTC,0.107
75.967183,uRLLC,0.819
75.972255,uRLLC,1.987
75.977365,uRLLC,1.034
75.997385,uRLLC,0.733
76.017526,mMTC,0.296
76.029634,uRLLC,1.732
76.046838,mMTC,0.173
76.047749,uRLLC,1.162
76.093157,uRLLC,1.560
76.193349,eMBB,5.190
76.219182,eMBB,12.346
76.229150,eMBB,9.298
76.283417,eMBB,10.447
76.287324,mMTC,0.411
76.313636,mMTC,0.187
76.339157,eMBB,12.105
76.367056,mMTC,0.133
76.370482,mMTC,0.432
76.392600,eMBB,7.466
76.404346,mMTC,0.329
76.406231,mMTC,0.345
76.406849,uRLLC,1.838
76.451526,uRLLC,1.223
76.457534,mMTC,0.497
76.469351,mMTC,0.109
76.493625,mMTC,0.223
76.502031,uRLLC,1.972
76.522583,mMTC,0.298
76.534932,mMTC,0.475
76.542935,eMBB,11.688
76.547229,mMTC,0.146
76.557566,mMTC,0.212
76.589417,uRLLC,1.028
76.591896,mMTC,0.393
76.601105,uRLLC,0.570
76.608569,uRLLC,0.606
76.644695,uRLLC,1.951
76.675195,mMTC,0.108
76.690562,mMTC,0.253
76.718914,mMTC,0.499
76.774904,uRLLC,1.361
76.808422,uRLLC,1.929
76.897337,mMTC,0.234
76.899530,uRLLC,1.838
76.917568,mMTC,0.322
76.937741,uRLLC,1.308
76.961272,uRLLC,1.936
76.971219,uRLLC,1.866
76.981588,uRLLC,1.460
76.986144,uRLLC,0.748
76.996517,uRLLC,1.538
77.131527,uRLLC,1.799
77.143103,mMTC,0.179
77.150381,mMTC,0.138
77.156452,uRLLC,1.026
77.170692,eMBB,7.939
77.172519,mMTC,0.134
77.239934,mMTC,0.327
77.245244,eMBB,6.471
77.261496,mMTC,0.416
77.306921,mMTC,0.471
77.307881,mMTC,0.324
77.312858,mMTC,0.239
77.410059,eMBB,11.813
77.447555,uRLLC,1.323
77.494330,mMTC,0.479
77.522349,uRLLC,1.238
77.533393,mMTC,0.371
77.573199,uRLLC,1.729
77.598631,uRLLC,1.826
77.630859,mMTC,0.210
77.636898,mMTC,0.406
77.660060,eMBB,7.926
77.694150,mMTC,0.112
77.723050,mMTC,0.284
77.763251,mMTC,0.146
77.773775,mMTC,0.281
77.778023,mMTC,0.235
77.816618,mMTC,0.359
77.850646,mMTC,0.198
77.863376,mMTC,0.409
77.876839,mMTC,0.234
77.885226,mMTC,0.211
77.918646,mMTC,0.189
77.924771,mMTC,0.467
77.935865,eMBB,11.801
77.942816,mMTC,0.242
78.049603,mMTC,0.178
78.077161,mMTC,0.254
78.115649,mMTC,0.105
78.243708,eMBB,7.837
78.356896,mMTC,0.458
78.452703,mMTC,0.124
78.452952,uRLLC,1.611
78.454548,uRLLC,0.527
78.455969,mMTC,0.466
78.457656,mMTC,0.285
78.461009,eMBB,14.753
78.462461,mMTC,0.487
78.517254,uRLLC,1.654
78.530943,mMTC,0.345
78.540773,uRLLC,0.814
78.548447,mMTC,0.347
78.559166,mMTC,0.368
78.601553,mMTC,0.180
78.624412,mMTC,0.462
78.664221,mMTC,0.436
78.681507,uRLLC,1.087
78.682219,uRLLC,1.809
78.682433,mMTC,0.324
78.702411,mMTC,0.201
78.744358,eMBB,5.393
78.748785,mMTC,0.313
78.757868,eMBB,10.570
78.794850,eMBB,14.572
78.796087,mMTC,0.183
78.806619,mMTC,0.147
78.825218,uRLLC,1.748
78.828513,mMTC,0.293
78.837963,uRLLC,1.253
78.842454,mMTC,0.201
78.879706,uRLLC,1.372
78.889345,uRLLC,1.569
78.931305,eMBB,13.242
79.048330,uRLLC,0.772
79.064106,mMTC,0.112
79.074043,eMBB,5.710
79.081452,mMTC,0.294
79.082040,uRLLC,1.282
79.111324,uRLLC,1.843
79.119231,eMBB,12.020
79.184108,uRLLC,1.509
79.195616,uRLLC,1.435
79.208556,uRLLC,1.756
79.216957,uRLLC,0.960
79.219667,mMTC,0.368
79.316685,uRLLC,1.355
79.357356,mMTC,0.403
79.372355,mMTC,0.259
79.386265,uRLLC,0.548
79.396201,uRLLC,0.741
79.422338,uRLLC,0.928
79.422563,uRLLC,1.136
79.441658,uRLLC,0.723
79.448326,uRLLC,0.865
79.466989,mMTC,0.173
79.478036,mMTC,0.228
79.499796,mMTC,0.204
79.513779,uRLLC,1.344
79.526577,mMTC,0.452
79.585154,mMTC,0.425
79.619237,uRLLC,1.452
79.625487,mMTC,0.417
79.672328,uRLLC,1.587
79.700016,uRLLC,0.534
79.722552,uRLLC,0.565
79.723998,mMTC,0.493
79.755151,eMBB,12.144
79.772241,uRLLC,0.788
79.780249,eMBB,12.256
79.790459,eMBB,5.452
79.825248,mMTC,0.143
79.829898,uRLLC,1.435
79.949207,eMBB,7.996
79.984234,eMBB,13.607
79.993540,eMBB,14.401
79.997565,mMTC,0.340
80.034185,eMBB,9.083
80.037987,uRLLC,0.974
80.041513,uRLLC,0.790
80.063534,eMBB,12.738
80.092846,uRLLC,1.161
80.095640,uRLLC,1.608
80.132156,mMTC,0.173
80.226155,eMBB,8.476
80.229859,mMTC,0.408
80.282559,mMTC,0.381
80.335002,mMTC,0.312
80.364399,mMTC,0.213
80.415727,uRLLC,1.038
80.461877,uRLLC,1.840
80.465334,uRLLC,1.640
80.487875,mMTC,0.216
80.498510,mMTC,0.281
80.517317,mMTC,0.107
80.543910,mMTC,0.312
80.557991,uRLLC,1.237
80.562968,mMTC,0.179
80.570580,uRLLC,0.692
80.576795,mMTC,0.184
80.593919,uRLLC,1.312
80.594556,uRLLC,1.289
80.667172,mMTC,0.235
80.702732,eMBB,7.447
80.770893,eMBB,10.545
80.772907,mMTC,0.388
80.778512,mMTC,0.221
80.834999,mMTC,0.459
80.851861,mMTC,0.284
80.859439,eMBB,13.911
80.869191,mMTC,0.486
80.968030,eMBB,9.905
81.072400,mMTC,0.407
81.074834,mMTC,0.116
81.076277,uRLLC,1.608
81.101019,mMTC,0.416
81.101958,eMBB,6.088
81.133104,uRLLC,0.775
81.152740,mMTC,0.461
81.192742,uRLLC,0.976
81.203747,mMTC,0.462
81.291752,eMBB,14.366
81.310676,mMTC,0.478
81.331024,mMTC,0.135
81.368337,mMTC,0.145
81.414991,uRLLC,1.904
81.450626,eMBB,9.067
81.462321,uRLLC,1.043
81.472267,uRLLC,1.873
81.502619,uRLLC,1.131
81.525988,mMTC,0.146
81.534548,mMTC,0.106
81.560134,mMTC,0.470
81.618911,mMTC,0.487
81.619362,uRLLC,0.975
81.659246,eMBB,12.777
81.667005,eMBB,12.595
81.688845,eMBB,11.718
81.698671,mMTC,0.428
81.711819,mMTC,0.296
81.712601,eMBB,5.180
81.714560,mMTC,0.306
81.739294,uRLLC,0.801
81.756172,mMTC,0.305
81.782411,eMBB,8.238
81.858853,mMTC,0.471
81.911474,mMTC,0.485
81.918728,mMTC,0.412
81.958029,mMTC,0.358
81.972699,uRLLC,1.544
82.015021,uRLLC,0.652
82.022003,mMTC,0.109
82.051819,mMTC,0.462
82.056276,mMTC,0.299
82.060928,mMTC,0.286
82.061789,mMTC,0.363
82.065060,mMTC,0.267
82.066285,mMTC,0.232
82.074778,eMBB,7.641
82.098954,uRLLC,1.594
82.118261,mMTC,0.464
82.126128,uRLLC,1.875
82.132494,uRLLC,1.962
82.150617,mMTC,0.392
82.204221,eMBB,12.797
82.211612,eMBB,7.078
82.259837,mMTC,0.464
82.276316,uRLLC,1.795
82.288407,eMBB,6.411
82.350843,uRLLC,0.581
82.372271,mMTC,0.484
82.393392,mMTC,0.313
82.404809,eMBB,11.310
82.412721,uRLLC,1.726
82.440975,mMTC,0.366
82.461938,mMTC,0.365
82.490575,eMBB,10.869
82.509753,eMBB,8.455
82.516487,mMTC,0.178
82.587119,uRLLC,1.523
82.614784,uRLLC,1.095
82.624548,uRLLC,1.309
82.640785,uRLLC,1.092
82.664122,uRLLC,1.106
82.669248,mMTC,0.350
82.678868,uRLLC,0.655
82.708846,mMTC,0.256
82.757372,mMTC,0.426
82.774613,eMBB,5.776
82.794404,mMTC,0.297
82.847610,mMTC,0.237
82.887959,eMBB,9.385
82.893100,uRLLC,0.649
82.906054,mMTC,0.127
82.917248,eMBB,7.522
82.947995,mMTC,0.380
82.968918,eMBB,5.660
82.983564,mMTC,0.496
83.056888,uRLLC,1.830
83.093612,uRLLC,0.819
83.115084,mMTC,0.151
83.163739,mMTC,0.487
83.166649,mMTC,0.323
83.169720,eMBB,12.682
83.203080,mMTC,0.425
83.204796,mMTC,0.214
83.284104,uRLLC,1.537
83.313922,eMBB,6.316
83.349558,mMTC,0.281
83.352513,eMBB,5.313
83.389503,mMTC,0.114
83.460898,mMTC,0.221
83.468981,uRLLC,0.628
83.505239,mMTC,0.133
83.528686,eMBB,14.460
83.540236,mMTC,0.314
83.540854,mMTC,0.318
83.546863,mMTC,0.126
83.558263,mMTC,0.420
83.563624,eMBB,14.277
83.569248,eMBB,14.286
83.670221,mMTC,0.132
83.684032,eMBB,13.872
83.694348,mMTC,0.444
83.725323,uRLLC,0.700
83.732051,mMTC,0.254
83.797150,mMTC,0.335
83.799395,mMTC,0.286
83.833907,uRLLC,1.459
83.876920,mMTC,0.398
83.889785,uRLLC,1.853
83.938369,mMTC,0.365
83.979934,uRLLC,1.274
83.992019,mMTC,0.102
84.065472,mMTC,0.248
84.121343,mMTC,0.437
84.131919,mMTC,0.276
84.133790,mMTC,0.367
84.143290,eMBB,10.081
84.175178,uRLLC,1.946
84.192418,eMBB,12.091
84.207970,uRLLC,1.062
84.212995,uRLLC,1.608
84.213547,uRLLC,1.036
84.224971,uRLLC,0.946
84.249874,mMTC,0.367
84.250054,mMTC,0.358
84.295696,eMBB,13.585
84.377614,eMBB,14.166
84.380623,mMTC,0.342
84.411595,mMTC,0.230
84.436546,mMTC,0.460
84.436775,eMBB,6.173
84.447025,eMBB,10.284
84.529333,uRLLC,1.818
84.544395,mMTC,0.230
84.549661,uRLLC,1.598
84.574087,eMBB,9.960
84.574179,uRLLC,1.949
84.583000,mMTC,0.185
84.625075,eMBB,10.182
84.652108,mMTC,0.221
84.712297,uRLLC,1.110
84.718062,uRLLC,1.642
84.742417,mMTC,0.146
84.748197,uRLLC,1.061
84.760720,uRLLC,0.827
84.843540,mMTC,0.425
84.876494,uRLLC,0.568
84.887482,mMTC,0.271
84.909226,mMTC,0.467
84.918008,eMBB,13.843
84.933999,mMTC,0.421
84.949874,eMBB,9.771
84.972681,eMBB,5.222
84.996816,uRLLC,1.396
85.011024,mMTC,0.263
85.017177,uRLLC,0.863
85.034503,mMTC,0.115
85.036529,mMTC,0.495
85.066791,uRLLC,0.957
85.068999,eMBB,7.508
85.092159,eMBB,6.664
85.134710,mMTC,0.327
85.166381,eMBB,9.762
85.201498,mMTC,0.437
85.211530,uRLLC,1.755
85.239638,eMBB,11.671
85.267320,mMTC,0.227
85.302999,eMBB,10.232
85.308605,uRLLC,1.687
85.363607,mMTC,0.431
85.404993,uRLLC,1.033
85.408620,uRLLC,0.716
85.427345,uRLLC,1.439
85.438421,uRLLC,1.732
85.454393,uRLLC,1.545
85.517745,mMTC,0.377
85.598208,mMTC,0.109
85.615857,uRLLC,0.859
85.666820,uRLLC,1.032
85.775812,mMTC,0.279
85.794282,mMTC,0.161
85.796971,mMTC,0.247
85.848567,mMTC,0.449
85.856693,uRLLC,0.672
85.874393,eMBB,8.049
85.874439,uRLLC,0.509
85.930953,eMBB,5.054
85.944481,mMTC,0.348
85.976387,uRLLC,1.557
85.986311,uRLLC,1.964
85.998895,mMTC,0.196
86.005808,uRLLC,0.524
86.010040,mMTC,0.153
86.028705,uRLLC,1.889
86.035958,uRLLC,1.950
86.041379,uRLLC,1.364
86.065994,mMTC,0.408
86.069837,mMTC,0.286
86.104440,uRLLC,0.932
86.120544,uRLLC,1.846
86.124726,uRLLC,1.488
86.146553,eMBB,14.247
86.157380,mMTC,0.138
86.161764,eMBB,14.877
86.176256,uRLLC,1.572
86.211528,mMTC,0.103
86.213764,mMTC,0.167
86.222342,uRLLC,1.760
86.230958,eMBB,11.563
86.247231,mMTC,0.122
86.281296,uRLLC,1.499
86.287870,mMTC,0.416
86.304444,uRLLC,1.440
86.367395,eMBB,9.773
86.403672,uRLLC,1.500
86.431605,uRLLC,1.655
86.434112,uRLLC,1.587
86.457364,uRLLC,1.965
86.481908,mMTC,0.480
86.573735,mMTC,0.381
86.582204,mMTC,0.170
86.590688,mMTC,0.355
86.591860,mMTC,0.450
86.626364,mMTC,0.170
86.695258,mMTC,0.355
86.706546,mMTC,0.196
86.714679,eMBB,8.890
86.728093,mMTC,0.407
86.735959,mMTC,0.324
86.791368,mMTC,0.100
86.815681,eMBB,14.497
86.835487,eMBB,13.991
86.842488,eMBB,10.978
86.855891,eMBB,8.708
86.857179,eMBB,10.798
86.862473,uRLLC,1.005
86.906593,uRLLC,0.701
86.907700,mMTC,0.386
86.963208,mMTC,0.193
86.969789,eMBB,12.242
86.975583,mMTC,0.106
86.988454,mMTC,0.226
87.008232,uRLLC,0.785
87.044224,uRLLC,0.612
87.070547,mMTC,0.473
87.093304,uRLLC,1.423
87.107135,mMTC,0.434
87.132831,uRLLC,1.593
87.143513,mMTC,0.262
87.153841,uRLLC,1.423
87.207756,eMBB,13.773
87.224509,eMBB,12.091
87.238153,uRLLC,1.683
87.242024,mMTC,0.467
87.246744,uRLLC,1.841
87.274934,mMTC,0.249
87.286932,mMTC,0.378
87.294936,mMTC,0.181
87.310034,mMTC,0.441
87.316425,uRLLC,0.737
87.369406,uRLLC,1.506
87.445078,uRLLC,1.835
87.453724,mMTC,0.194
87.512208,mMTC,0.447
87.515684,mMTC,0.165
87.516278,uRLLC,0.656
87.587857,uRLLC,1.636
87.612148,mMTC,0.259
87.634950,eMBB,10.140
87.659200,uRLLC,0.571
87.667151,uRLLC,1.497
87.754370,eMBB,5.250
87.755515,mMTC,0.415
87.786980,mMTC,0.464
87.790738,mMTC,0.151
87.792196,mMTC,0.450
87.803705,eMBB,6.823
87.847976,mMTC,0.474
87.889051,uRLLC,1.197
87.893381,mMTC,0.112
87.895146,mMTC,0.378
87.916250,eMBB,5.478
87.924377,mMTC,0.416
87.934116,uRLLC,1.272
87.945793,uRLLC,0.823
87.978777,mMTC,0.440
87.985578,mMTC,0.178
87.991706,mMTC,0.353
88.079335,uRLLC,1.351
88.120197,mMTC,0.178
88.130988,mMTC,0.241
88.189288,mMTC,0.492
88.198037,mMTC,0.255
88.207078,uRLLC,1.459
88.214528,eMBB,6.211
88.227384,uRLLC,1.872
88.264535,uRLLC,1.004
88.299903,eMBB,12.230
88.312486,uRLLC,0.703
88.314204,mMTC,0.158
88.357036,mMTC,0.327
88.422217,mMTC,0.117
88.425652,uRLLC,1.591
88.429733,uRLLC,0.604
88.442864,mMTC,0.274
88.486887,uRLLC,0.595
88.488142,mMTC,0.483
88.514710,mMTC,0.428
88.532150,eMBB,6.389
88.550108,eMBB,10.139
88.645321,mMTC,0.483
88.646504,uRLLC,1.260
88.725528,uRLLC,1.467
88.730527,uRLLC,1.877
88.765587,uRLLC,1.017
88.779868,mMTC,0.413
88.781966,mMTC,0.214
88.782521,eMBB,8.633
88.784951,mMTC,0.385
88.799479,mMTC,0.116
88.818453,uRLLC,1.412
88.832919,uRLLC,1.301
88.861746,uRLLC,1.138
88.875462,mMTC,0.436
88.910110,eMBB,10.792
88.913130,mMTC,0.215
88.955203,eMBB,7.770
88.958840,mMTC,0.221
88.976153,eMBB,6.041
88.977647,mMTC,0.332
88.992090,mMTC,0.251
88.997812,uRLLC,1.422
89.007541,uRLLC,1.858
89.009841,uRLLC,1.008
89.035758,mMTC,0.204
89.096112,mMTC,0.206
89.107362,uRLLC,1.391
89.143121,uRLLC,1.619
89.227884,mMTC,0.205
89.245685,eMBB,14.292
89.255493,mMTC,0.316
89.330782,eMBB,13.255
89.377027,uRLLC,1.841
89.379444,uRLLC,0.567
89.409407,mMTC,0.443
89.418023,mMTC,0.137
89.431228,uRLLC,1.133
89.457873,uRLLC,1.397
89.480796,mMTC,0.440
89.527167,mMTC,0.163
89.587402,mMTC,0.130
89.597254,uRLLC,0.651
89.650754,uRLLC,1.657
89.653333,uRLLC,1.060
89.673592,mMTC,0.231
89.678972,mMTC,0.276
89.679570,eMBB,13.455
89.701549,mMTC,0.389
89.724356,uRLLC,0.538
89.754546,uRLLC,1.939
89.857908,mMTC,0.197
89.858422,eMBB,6.928
89.879728,eMBB,5.777
89.892709,mMTC,0.288
89.894339,eMBB,9.884
89.907392,mMTC,0.167
89.912286,uRLLC,1.381
89.956889,uRLLC,1.679
89.958531,eMBB,13.636
90.042519,eMBB,7.801
90.110719,mMTC,0.357
90.110932,mMTC,0.137
90.117532,uRLLC,1.018
90.120049,uRLLC,1.226
90.147066,mMTC,0.439
90.199070,uRLLC,1.764
90.230511,uRLLC,0.769
90.244406,mMTC,0.375
90.245554,eMBB,7.192
90.268306,uRLLC,0.988
90.284795,uRLLC,0.904
90.335198,mMTC,0.488
90.348726,mMTC,0.296
90.399973,eMBB,7.606
90.424674,uRLLC,0.912
90.435777,mMTC,0.415
90.437782,mMTC,0.408
90.450624,mMTC,0.271
90.476029,eMBB,9.014
90.515442,uRLLC,0.698
90.528718,eMBB,9.722
90.570299,uRLLC,0.795
90.581991,mMTC,0.223
90.595375,uRLLC,1.330
90.619720,eMBB,9.492
90.620869,uRLLC,1.103
90.627458,mMTC,0.222
90.632733,mMTC,0.218
90.665948,uRLLC,1.835
90.713300,uRLLC,1.544
90.715764,uRLLC,0.571
90.729584,uRLLC,0.664
90.732470,mMTC,0.126
90.745582,mMTC,0.202
90.774483,mMTC,0.276
90.775355,eMBB,5.850
90.783435,mMTC,0.323
90.826012,uRLLC,1.485
90.871149,uRLLC,1.546
90.904525,uRLLC,0.695
90.911049,uRLLC,1.365
90.916193,mMTC,0.129
90.934875,mMTC,0.253
90.935765,eMBB,13.301
90.946281,mMTC,0.228
90.990619,uRLLC,0.552
91.029087,eMBB,5.384
91.036801,uRLLC,0.913
91.080719,uRLLC,1.554
91.199690,mMTC,0.217
91.258725,mMTC,0.395
91.266942,mMTC,0.206
91.283857,mMTC,0.347
91.288364,eMBB,12.610
91.308057,mMTC,0.293
91.379742,mMTC,0.382
91.417466,mMTC,0.239
91.457265,mMTC,0.434
91.493748,mMTC,0.307
91.500102,mMTC,0.367
91.519861,mMTC,0.383
91.524520,uRLLC,1.152
91.590145,mMTC,0.267
91.591246,uRLLC,0.733
91.598190,uRLLC,1.226
91.670984,eMBB,10.782
91.674524,mMTC,0.419
91.755149,eMBB,12.850
91.756968,mMTC,0.264
91.782916,mMTC,0.477
91.797003,mMTC,0.478
91.807708,mMTC,0.364
91.829256,mMTC,0.442
91.831160,uRLLC,1.542
91.854510,uRLLC,1.175
91.948361,mMTC,0.451
91.959945,eMBB,7.742
91.966817,mMTC,0.436
91.978187,mMTC,0.470
92.039358,mMTC,0.405
92.044051,uRLLC,0.627
92.076719,uRLLC,0.686
92.095026,mMTC,0.168
92.162557,eMBB,7.124
92.218999,uRLLC,1.282
92.232016,mMTC,0.483
92.275359,uRLLC,0.630
92.312491,uRLLC,1.503
92.356762,mMTC,0.350
92.359007,eMBB,8.729
92.390460,eMBB,6.761
92.401138,mMTC,0.346
92.401216,uRLLC,0.972
92.415270,uRLLC,1.992
92.427943,mMTC,0.258
92.430380,mMTC,0.126
92.441790,uRLLC,1.418
92.449434,eMBB,8.982
92.451102,eMBB,8.327
92.464296,eMBB,8.988
92.489851,mMTC,0.352
92.508528,uRLLC,1.605
92.525637,eMBB,10.523
92.554438,mMTC,0.106
92.566858,eMBB,8.931
92.572983,mMTC,0.307
92.585725,uRLLC,1.646
92.640445,mMTC,0.425
92.654565,uRLLC,0.845
92.657436,mMTC,0.393
92.666608,uRLLC,1.445
92.677161,eMBB,10.654
92.689693,uRLLC,1.621
92.690320,uRLLC,1.502
92.693842,uRLLC,0.523
92.700931,eMBB,8.094
92.702176,uRLLC,1.113
92.757470,uRLLC,1.777
92.769949,uRLLC,0.633
92.791333,uRLLC,1.024
92.801564,uRLLC,1.292
92.816262,uRLLC,1.954
92.834155,mMTC,0.356
92.857475,eMBB,7.718
92.879103,uRLLC,1.709
92.879573,uRLLC,1.252
92.942476,mMTC,0.381
92.958199,uRLLC,0.689
92.961545,uRLLC,0.775
93.000972,eMBB,9.969
93.003263,mMTC,0.189
93.020074,uRLLC,1.111
93.023779,mMTC,0.316
93.145598,eMBB,5.095
93.152520,uRLLC,1.923
93.181397,uRLLC,1.124
93.189063,mMTC,0.398
93.215998,mMTC,0.114
93.216580,mMTC,0.312
93.262623,uRLLC,1.421
93.326266,eMBB,11.648
93.330587,uRLLC,1.244
93.398049,uRLLC,0.899
93.401050,mMTC,0.108
93.460744,uRLLC,1.110
93.464433,eMBB,11.043
93.494243,mMTC,0.160
93.503543,eMBB,14.660
93.514229,eMBB,13.737
93.559125,eMBB,10.814
93.594570,uRLLC,0.741
93.596375,mMTC,0.269
93.620960,uRLLC,0.581
93.622821,uRLLC,0.664
93.639359,mMTC,0.204
93.664841,uRLLC,1.114
93.677498,uRLLC,0.667
93.684006,mMTC,0.151
93.701484,uRLLC,1.245
93.713277,uRLLC,0.974
93.713573,eMBB,10.232
93.727155,mMTC,0.463
93.757460,mMTC,0.489
93.766284,mMTC,0.167
93.804698,uRLLC,1.446
93.808627,mMTC,0.427
93.811578,uRLLC,0.618
93.823505,mMTC,0.245
93.844842,mMTC,0.345
93.844935,eMBB,13.452
93.847223,mMTC,0.496
93.854297,eMBB,14.616
93.859564,uRLLC,1.101
93.861096,uRLLC,1.357
93.925685,uRLLC,1.402
93.932426,uRLLC,0.856
93.971213,uRLLC,1.542
94.005127,eMBB,8.230
94.047801,uRLLC,1.821
94.059124,uRLLC,1.274
94.100915,mMTC,0.388
94.130444,eMBB,8.188
94.272507,eMBB,14.686
94.301834,eMBB,10.935
94.301839,eMBB,8.342
94.303592,mMTC,0.484
94.319760,uRLLC,1.025
94.365259,mMTC,0.381
94.375560,mMTC,0.500
94.385267,uRLLC,0.703
94.417227,eMBB,7.112
94.463705,mMTC,0.499
94.466360,mMTC,0.383
94.496436,eMBB,8.469
94.501743,mMTC,0.330
94.522618,mMTC,0.115
94.535899,uRLLC,0.890
94.580603,eMBB,14.912
94.596715,mMTC,0.333
94.637034,mMTC,0.226
94.660783,mMTC,0.149
94.675432,eMBB,10.670
94.721078,eMBB,13.050
94.725390,uRLLC,0.619
94.764706,mMTC,0.385
94.787314,mMTC,0.334
94.792143,mMTC,0.471
94.858315,uRLLC,1.367
94.862914,uRLLC,0.750
94.863969,uRLLC,1.592
94.865949,mMTC,0.255
94.887204,uRLLC,1.710
94.910106,mMTC,0.450
94.963145,uRLLC,1.960
94.984909,eMBB,9.349
95.017393,uRLLC,1.027
95.019733,uRLLC,1.242
95.043258,mMTC,0.348
95.072769,mMTC,0.393
95.078615,uRLLC,0.969
95.090656,uRLLC,0.616
95.093724,uRLLC,0.787
95.160427,mMTC,0.314
95.176974,mMTC,0.251
95.181336,uRLLC,1.813
95.181810,mMTC,0.457
95.194898,mMTC,0.447
95.246062,uRLLC,1.984
95.264002,mMTC,0.419
95.282709,mMTC,0.157
95.288562,uRLLC,1.062
95.304309,mMTC,0.412
95.305195,uRLLC,0.772
95.307413,eMBB,14.613
95.346407,mMTC,0.252
95.350317,mMTC,0.415
95.388042,uRLLC,1.517
95.407042,uRLLC,0.862
95.407862,mMTC,0.350
95.458141,eMBB,7.158
95.459281,mMTC,0.486
95.461355,mMTC,0.271
95.519205,eMBB,13.569
95.535032,mMTC,0.289
95.536051,mMTC,0.285
95.541940,eMBB,14.379
95.560318,mMTC,0.427
95.569659,mMTC,0.377
95.592929,uRLLC,1.560
95.659652,uRLLC,0.947
95.666155,uRLLC,1.946
95.691983,uRLLC,0.694
95.692483,eMBB,7.193
95.720854,eMBB,8.881
95.730068,mMTC,0.111
95.738149,eMBB,7.750
95.862713,mMTC,0.296
95.886173,uRLLC,0.970
95.898999,mMTC,0.487
95.929135,eMBB,5.347
95.939056,mMTC,0.322
95.949660,uRLLC,0.756
95.958868,mMTC,0.138
95.983821,mMTC,0.346
95.986533,mMTC,0.450
95.989625,eMBB,7.584
96.030969,mMTC,0.415
96.040094,mMTC,0.328
96.060788,mMTC,0.123
96.062090,uRLLC,0.940
96.089007,eMBB,5.508
96.095719,mMTC,0.299
96.149458,mMTC,0.433
96.185612,uRLLC,1.811
96.195474,uRLLC,1.855
96.248776,mMTC,0.362
96.348721,eMBB,10.879
96.363651,mMTC,0.124
96.381591,mMTC,0.207
96.415089,eMBB,14.165
96.430626,uRLLC,0.940
96.450322,mMTC,0.466
96.472519,mMTC,0.368
96.527055,uRLLC,0.540
96.604060,mMTC,0.193
96.608665,mMTC,0.443
96.632088,uRLLC,0.517
96.648191,eMBB,11.899
96.663394,uRLLC,1.471
96.692644,mMTC,0.170
96.701028,mMTC,0.133
96.703887,mMTC,0.360
96.714675,mMTC,0.357
96.724809,uRLLC,1.912
96.728794,uRLLC,1.071
96.736020,uRLLC,1.347
96.746337,mMTC,0.362
96.753230,eMBB,12.120
96.759566,mMTC,0.330
96.782046,uRLLC,1.804
96.841086,mMTC,0.485
96.932761,mMTC,0.386
96.950635,mMTC,0.334
96.954998,mMTC,0.434
96.993159,mMTC,0.113
96.993447,uRLLC,0.660
97.001104,mMTC,0.423
97.010268,uRLLC,0.652
97.020537,mMTC,0.356
97.022913,uRLLC,1.560
97.039316,eMBB,8.123
97.120873,eMBB,10.788
97.205822,eMBB,5.782
97.233101,mMTC,0.452
97.281372,mMTC,0.270
97.293318,eMBB,11.464
97.311714,uRLLC,1.913
97.313106,mMTC,0.161
97.332944,uRLLC,1.697
97.341711,eMBB,11.193
97.393033,mMTC,0.372
97.412567,uRLLC,1.633
97.445228,uRLLC,1.320
97.447018,mMTC,0.429
97.463089,mMTC,0.324
97.464159,uRLLC,0.844
97.472070,mMTC,0.221
97.483504,eMBB,8.619
97.492883,mMTC,0.347
97.498621,mMTC,0.496
97.517419,uRLLC,1.441
97.540845,mMTC,0.393
97.541080,uRLLC,0.766
97.543069,eMBB,11.051
97.605463,uRLLC,1.040
97.624769,uRLLC,0.549
97.636866,mMTC,0.143
97.655036,mMTC,0.119
97.754417,eMBB,7.508
97.755747,mMTC,0.370
97.802583,mMTC,0.276
97.838266,mMTC,0.188
97.844026,uRLLC,0.846
97.856463,uRLLC,0.985
97.948968,mMTC,0.274
97.962125,eMBB,13.820
97.985395,uRLLC,1.861
98.032426,uRLLC,0.758
98.100617,uRLLC,1.842
98.105141,mMTC,0.212
98.106426,eMBB,6.042
98.129992,mMTC,0.441
98.135093,mMTC,0.348
98.149712,eMBB,10.225
98.153361,uRLLC,1.997
98.161536,uRLLC,1.318
98.188276,mMTC,0.278
98.214778,uRLLC,0.838
98.234393,uRLLC,1.120
98.352477,uRLLC,1.660
98.382904,mMTC,0.323
98.401842,uRLLC,1.491
98.431968,uRLLC,0.980
98.448952,mMTC,0.374
98.494642,uRLLC,0.755
98.497225,mMTC,0.206
98.586603,eMBB,9.743
98.591569,mMTC,0.154
98.651636,uRLLC,1.493
98.670664,uRLLC,1.580
98.713904,uRLLC,0.658
98.746897,mMTC,0.407
98.786197,uRLLC,1.815
98.802257,uRLLC,1.877
98.860724,mMTC,0.205
98.905816,eMBB,9.073
98.925879,mMTC,0.330
98.927620,mMTC,0.488
98.937008,mMTC,0.363
98.950995,uRLLC,1.371
98.958658,mMTC,0.326
98.963080,mMTC,0.111
98.974967,mMTC,0.139
99.000033,uRLLC,1.390
99.024932,mMTC,0.138
99.033249,eMBB,5.138
99.039350,mMTC,0.429
99.066287,uRLLC,0.889
99.083241,mMTC,0.254
99.090330,uRLLC,1.127
99.095134,mMTC,0.124
99.117860,uRLLC,1.702
99.136752,uRLLC,1.995
99.154665,eMBB,13.920
99.211758,mMTC,0.284
99.220927,mMTC,0.455
99.235822,uRLLC,1.692
99.246401,uRLLC,1.010
99.257533,mMTC,0.380
99.264910,uRLLC,0.585
99.269835,mMTC,0.225
99.319303,eMBB,9.303
99.330756,uRLLC,1.448
99.347807,mMTC,0.447
99.370862,mMTC,0.469
99.379228,eMBB,14.690
99.393263,eMBB,12.569
99.442177,eMBB,12.617
99.456610,mMTC,0.201
99.467649,uRLLC,1.504
99.479826,mMTC,0.277
99.498833,eMBB,12.142
99.503030,eMBB,5.053
99.503893,eMBB,13.388
99.504444,uRLLC,1.734
99.508752,uRLLC,0.983
99.515746,mMTC,0.156
99.549985,mMTC,0.118
99.575113,uRLLC,1.653
99.602943,mMTC,0.384
99.606921,mMTC,0.356
99.612321,mMTC,0.492
99.621059,mMTC,0.163
99.623972,mMTC,0.330
99.655039,uRLLC,0.658
99.672850,uRLLC,1.119
99.673328,mMTC,0.177
99.712081,uRLLC,1.524
99.720827,mMTC,0.253
99.730612,uRLLC,1.508
99.736381,uRLLC,0.964
99.769549,mMTC,0.395
99.784622,eMBB,5.449
99.799186,uRLLC,1.447
99.835559,mMTC,0.267
99.886008,uRLLC,1.086
99.928511,mMTC,0.495
99.930945,uRLLC,1.662
99.970268,uRLLC,1.576
99.980138,mMTC,0.145
